Área Total log,Dormitorios,Baños,Estacionamiento,Zona_num,Municipio_num,Precio Venta log
5.247024072160486,4.0,2.0,2.0,2,0,12.765691290604371
6.918695219020472,4.0,4.0,3.0,5,0,13.758941264676379
5.081404364984463,4.0,3.0,2.0,5,0,12.847929163278053
6.240275845170769,4.0,6.0,3.0,5,0,13.500801182986649
5.043425116919247,4.0,4.0,2.0,5,0,12.54254845357358
6.1224928095143865,4.0,3.0,4.0,4,0,14.144815024531075
5.560681631015528,3.0,5.0,2.0,3,0,13.0400703062278
4.969813299576001,6.0,4.0,2.0,2,0,12.948012371209098
6.917705609835305,4.0,4.0,3.0,5,0,13.758941264676379
7.336285660021297,4.0,5.0,2.0,5,0,14.403297778421795
6.51025834052315,4.0,6.0,4.0,5,0,13.415034483903348
5.707110264748875,4.0,3.0,2.0,2,0,13.299674067415213
5.3612921657094255,4.0,3.0,2.0,0,0,13.25339339419516
5.5909869805108565,6.0,4.0,3.0,2,0,13.369225017834633
5.707110264748875,3.0,3.0,2.0,5,0,13.171155446333852
5.726847747587197,4.0,4.0,2.0,2,0,12.971542813248437
5.081404364984463,3.0,2.0,1.0,2,0,12.296831574998258
7.1316985104669115,4.0,4.0,2.0,5,0,13.710151153416941
5.017279836814924,6.0,5.0,1.0,9,1,12.25486757159303
5.765191102784844,3.0,2.0,4.0,3,0,13.429849547739444
6.553933404025811,4.0,4.0,2.0,5,0,13.652992804936396
5.707110264748875,4.0,2.0,2.0,1,0,13.269059483669357
7.037905963447182,4.0,3.0,4.0,5,0,14.038654909278163
5.6937321388027,4.0,3.0,2.0,2,0,13.060490101343552
6.025865973825314,4.0,4.0,2.0,5,0,13.437175577097312
4.795790545596741,3.0,2.0,1.0,2,0,12.468440756144114
6.154858094016418,4.0,5.0,3.0,5,0,13.500801182986649
5.0238805208462765,3.0,2.0,2.0,5,0,12.91164481522143
5.707110264748875,3.0,3.0,2.0,5,0,13.058360179622305
5.5254529391317835,4.0,4.0,2.0,13,2,13.036807667689546
6.054439346269371,4.0,5.0,2.0,5,0,13.279368835614243
5.455321115357702,5.0,3.0,2.0,2,0,12.73670383776449
5.707110264748875,4.0,3.0,2.0,2,0,13.060490101343552
5.303304908059076,4.0,4.0,3.0,2,0,13.012550743537489
5.707110264748875,5.0,4.0,2.0,2,0,13.122365377402328
6.493753839851686,6.0,5.0,2.0,5,0,13.081543466215237
5.393627546352362,4.0,2.0,1.0,2,0,12.948012371209098
5.303304908059076,4.0,4.0,2.0,2,0,12.765691290604371
5.762051382780177,5.0,3.0,1.0,2,0,12.948012371209098
6.284134161070802,3.0,3.0,2.0,2,0,13.487007879880162
6.175867270105761,6.0,4.0,3.0,9,1,12.611541086966115
5.8971538676367405,5.0,6.0,2.0,3,0,13.815511557963774
6.113682179832232,5.0,5.0,2.0,5,0,13.579789490265188
6.90875477931522,3.0,3.0,4.0,5,0,13.415034483903348
5.707110264748875,4.0,3.0,2.0,5,0,13.217675375388819
6.257667587882639,5.0,4.0,4.0,5,0,13.541075028051122
6.063785208687608,5.0,4.0,1.0,1,0,13.592368256649284
5.337538079701318,6.0,2.0,1.0,2,0,12.899222326086994
5.634789603169249,4.0,2.0,2.0,2,0,12.983103608918753
5.749392985908253,4.0,3.0,2.0,4,0,13.161586013632684
5.783825182329737,4.0,4.0,2.0,5,0,13.42246945133505
6.150602768446279,5.0,6.0,4.0,2,0,13.752571823152559
4.532599493153256,3.0,2.0,1.0,1,0,12.345838935721968
5.820082930352362,3.0,2.0,2.0,2,0,13.1421679654829
5.176149732573829,4.0,2.0,3.0,2,0,12.793862088206213
5.942799375126701,4.0,3.0,2.0,4,0,13.641158361294979
4.941642422609304,4.0,2.0,2.0,2,0,12.524530013005734
5.209486152841421,3.0,2.0,1.0,9,1,12.409017571151187
5.19295685089021,4.0,5.0,1.0,6,1,13.122365377402328
5.707110264748875,4.0,4.0,3.0,2,0,13.527829818844937
7.201916317531627,5.0,4.0,3.0,5,0,14.346139397261565
4.634728988229636,3.0,2.0,1.0,3,0,12.449018824140563
7.044032897274685,5.0,5.0,4.0,5,0,13.97242968780924
5.638354669333745,4.0,3.0,2.0,4,0,13.286183160425152
5.081404364984463,3.0,2.0,1.0,9,1,12.542544882151386
5.267858159063328,3.0,2.0,1.0,5,0,12.675766851909591
7.00397413672268,5.0,5.0,4.0,5,0,14.482827491573198
6.1675164908883415,6.0,5.0,6.0,3,0,13.815511557963774
6.331501849893691,3.0,3.0,4.0,5,0,13.591117476312084
6.415096959171596,4.0,4.0,3.0,2,0,13.910821646859095
6.115892125483034,4.0,4.0,2.0,3,0,13.487007879880162
7.409136443920128,6.0,4.0,6.0,5,0,13.989464705423494
4.976733742420574,4.0,3.0,1.0,3,0,12.947988561458528
4.61512051684126,4.0,3.0,2.0,4,0,13.286013367012389
4.454347296253507,3.0,2.0,1.0,0,0,11.827743504053695
5.356586274672012,3.0,3.0,2.0,2,0,12.994532278619134
5.991464547107982,4.0,3.0,2.0,5,0,13.180634172318978
5.771441123130016,3.0,2.0,3.0,14,2,12.644330802262578
5.802118375377063,6.0,4.0,3.0,3,0,13.142166004700508
6.023447592961033,4.0,4.0,5.0,5,0,13.444448325847754
5.69035945432406,4.0,2.0,3.0,2,0,13.122365377402328
5.976350909297934,5.0,5.0,2.0,5,0,13.384729180332174
5.808142489980444,4.0,3.0,4.0,4,0,13.88345047528951
7.0909098220799835,4.0,4.0,2.0,5,0,13.864301674514206
5.929589143389895,6.0,4.0,4.0,4,0,13.384729180332174
5.0689042022202315,3.0,4.0,1.0,5,0,12.672949516558306
5.993961427306569,6.0,3.0,2.0,2,0,12.899222326086994
5.768320995793772,4.0,2.0,1.0,4,0,13.345508528717259
7.1316985104669115,4.0,4.0,2.0,5,0,13.815591554683952
6.021023349349527,4.0,4.0,5.0,5,0,13.384729180332174
5.54907608489522,4.0,4.0,2.0,2,0,12.948012371209098
6.423246963533519,6.0,5.0,2.0,4,0,14.285514812209815
5.993961427306569,4.0,3.0,3.0,2,0,13.429849547739444
5.54907608489522,3.0,3.0,2.0,2,0,13.038983942375959
6.398594934535208,5.0,4.0,2.0,5,0,12.873904582205107
7.170888478512505,3.0,5.0,4.0,4,0,14.220976332738882
5.7899601708972535,5.0,2.0,2.0,3,0,13.369225017834633
5.703782474656201,5.0,3.0,3.0,2,0,13.017005083966255
6.313548046277095,3.0,3.0,2.0,4,0,13.864301674514206
7.170888478512505,4.0,5.0,4.0,5,0,14.48334044336031
5.713732805509369,4.0,2.0,2.0,5,0,12.982873697962253
5.863631175598097,4.0,4.0,2.0,5,0,13.190023895035274
5.703782474656201,3.0,4.0,2.0,5,0,13.217675375388819
5.58724865840025,4.0,4.0,2.0,9,1,12.574185427296195
5.707110264748875,3.0,3.0,2.0,2,0,13.415034483903348
6.957497370876951,4.0,4.0,5.0,5,0,13.997832948091215
6.018593214496234,5.0,4.0,3.0,2,0,13.217675375388819
6.46302945692067,5.0,4.0,5.0,3,0,14.182928290955445
5.442417710521793,4.0,2.0,1.0,9,1,12.468440756144114
6.483107351457199,3.0,3.0,5.0,4,0,14.508658238524095
5.71042701737487,4.0,3.0,2.0,5,0,13.270785106659046
6.089044875446846,5.0,4.0,4.0,2,0,13.429849547739444
5.0238805208462765,4.0,3.0,1.0,2,0,12.34148164933907
5.247024072160486,5.0,3.0,2.0,2,0,12.762830066509972
6.206575926724928,4.0,6.0,2.0,1,0,13.76421831620775
5.1647859739235145,3.0,4.0,5.0,4,0,13.060490101343552
5.707110264748875,4.0,3.0,4.0,2,0,13.507627138738266
6.111467339502679,4.0,4.0,2.0,5,0,13.60479076121576
6.964135612418245,4.0,4.0,4.0,2,0,14.133237479566205
5.771441123130016,4.0,4.0,2.0,4,0,13.384729180332174
5.545177444479562,4.0,3.0,1.0,3,0,13.180634172318978
5.8888779583328805,6.0,3.0,2.0,2,0,13.353476685668044
5.420534999272286,5.0,3.0,2.0,2,0,12.826651821423713
6.063785208687608,4.0,3.0,2.0,3,0,13.567050480716235
5.981414211254481,3.0,3.0,4.0,5,0,13.429849547739444
5.872117789475416,4.0,2.0,2.0,4,0,13.28787951079572
5.303304908059076,6.0,4.0,2.0,2,0,12.826651821423713
6.918695219020472,4.0,4.0,2.0,5,0,14.403297778421795
6.338594078203183,3.0,3.0,4.0,5,0,13.715691327653829
6.371611847231857,4.0,6.0,3.0,1,0,14.122995993006082
5.081404364984463,4.0,4.0,2.0,5,0,13.017005083966255
5.017279836814924,4.0,2.0,1.0,2,0,12.468440756144114
6.07073772800249,4.0,4.0,3.0,3,0,13.235693848424024
6.380122536899765,3.0,4.0,2.0,5,0,13.795308871054397
5.713732805509369,4.0,3.0,2.0,5,0,13.060490101343552
6.07073772800249,4.0,4.0,3.0,4,0,13.235693848424024
5.808142489980444,6.0,6.0,2.0,1,0,13.415034483903348
6.161207321695077,3.0,3.0,4.0,5,0,13.451668563394815
6.052089168924417,6.0,6.0,2.0,9,1,12.873904582205107
6.994849985833071,4.0,4.0,3.0,5,0,13.901689171636098
5.3981627015177525,4.0,2.0,1.0,2,0,12.936036208848487
4.7535901911063645,3.0,2.0,2.0,5,0,12.706850963741102
5.420534999272286,4.0,2.0,2.0,2,0,12.873904582205107
6.135564891081739,4.0,4.0,3.0,5,0,13.541075028051122
4.672828834461906,3.0,3.0,1.0,3,0,12.230770136157428
6.07073772800249,5.0,5.0,4.0,5,0,12.847929163278053
5.983936280687191,5.0,4.0,2.0,5,0,13.3374763699232
6.100318952020064,4.0,4.0,2.0,4,0,14.077875591662238
7.482681828154651,4.0,3.0,5.0,5,0,13.910821646859095
6.311734809152915,5.0,6.0,2.0,4,0,13.910821646859095
6.90875477931522,6.0,5.0,6.0,5,0,15.201805169084134
6.154858094016418,4.0,4.0,2.0,5,0,13.444448325847754
5.746203190540153,4.0,3.0,4.0,3,0,13.39239204133378
5.081404364984463,5.0,3.0,1.0,0,0,12.54254845357358
5.081404364984463,4.0,3.0,1.0,9,1,12.706850963741102
5.1298987149230735,3.0,2.0,1.0,5,0,12.834683971615659
5.572154032177765,4.0,3.0,2.0,2,0,13.036807667689546
5.707110264748875,5.0,3.0,2.0,2,0,13.270785106659046
6.212606095751519,5.0,5.0,4.0,4,0,13.815511557963774
5.976350909297934,4.0,5.0,6.0,2,0,13.652992804936396
6.985641817639208,3.0,4.0,4.0,5,0,14.346139397261565
5.017279836814924,6.0,3.0,1.0,9,1,12.100717685412471
6.933423025730715,5.0,6.0,6.0,5,0,13.527829818844937
5.3981627015177525,4.0,4.0,6.0,2,0,13.45883704259595
5.598421958998375,3.0,2.0,2.0,3,0,13.199326270390594
5.351858133476067,3.0,3.0,2.0,2,0,12.923914877701906
6.150602768446279,4.0,5.0,1.0,5,0,13.75043962845585
5.771441123130016,4.0,3.0,2.0,2,0,13.060490101343552
6.013715156042802,4.0,5.0,3.0,5,0,13.353476685668044
4.804021044733257,4.0,3.0,1.0,1,0,12.584512505902088
5.993961427306569,6.0,6.0,4.0,5,0,13.384729180332174
5.442417710521793,4.0,2.0,2.0,2,0,12.971542813248437
5.739792912179234,4.0,4.0,2.0,4,0,13.3374763699232
5.572154032177765,4.0,3.0,2.0,5,0,12.948012371209098
6.042632833682381,3.0,2.0,2.0,3,0,13.457407451830088
5.14166355650266,3.0,4.0,2.0,9,1,13.199326270390594
5.117993812416755,5.0,4.0,3.0,9,1,12.948012371209098
5.638354669333745,4.0,2.0,2.0,8,1,13.056225711649638
6.933423025730715,4.0,5.0,5.0,5,0,13.997832948091215
5.723585101952381,4.0,4.0,4.0,5,0,13.060490101343552
5.5254529391317835,3.0,3.0,4.0,4,0,14.214287349062356
5.209486152841421,5.0,3.0,1.0,5,0,12.721888795877375
5.081404364984463,3.0,3.0,2.0,5,0,12.676079399771027
6.111467339502679,4.0,2.0,2.0,3,0,13.329379172803593
5.493061443340548,3.0,3.0,2.0,4,0,13.081543466215237
5.420534999272286,4.0,2.0,2.0,3,0,13.049794835104816
6.26530121273771,4.0,3.0,3.0,4,0,13.758941264676379
5.241747015059643,6.0,3.0,2.0,7,1,12.936036208848487
6.478509642208569,3.0,3.0,3.0,5,0,13.500801182986649
6.236369590203704,6.0,3.0,2.0,3,0,13.704580114574805
5.846438775057725,5.0,2.0,2.0,9,1,12.201065128819632
5.602118820879701,6.0,5.0,3.0,2,0,13.369225017834633
6.6052979209482015,3.0,4.0,4.0,2,0,14.077875591662238
5.081404364984463,4.0,3.0,1.0,11,1,12.608202196848836
4.2626798770413155,4.0,3.0,2.0,5,0,12.264346270624157
5.723585101952381,3.0,2.0,2.0,2,0,12.886643575525625
6.272877006546167,4.0,5.0,6.0,5,0,13.487007879880162
5.717027701406222,4.0,3.0,3.0,4,0,13.303018546545275
5.247024072160486,3.0,4.0,2.0,2,0,12.998823050305427
5.934894195619588,4.0,7.0,2.0,5,0,13.541075028051122
6.07993319509559,3.0,2.0,2.0,5,0,13.161586013632684
5.568344503761097,5.0,2.0,3.0,9,1,12.936036208848487
5.081404364984463,4.0,5.0,2.0,3,0,12.611541086966115
5.707110264748875,6.0,4.0,5.0,1,0,12.948012371209098
5.332718793265369,4.0,4.0,2.0,2,0,12.971542813248437
5.831882477283517,6.0,4.0,5.0,2,0,12.948012371209098
5.700443573390687,4.0,2.0,1.0,13,2,13.217675375388819
6.398594934535208,4.0,5.0,3.0,1,0,13.66119436444038
5.198497031265826,4.0,2.0,1.0,13,2,12.577639650232573
5.318119993844216,5.0,3.0,2.0,1,0,13.304686600863562
6.710523109452428,4.0,3.0,3.0,5,0,14.187074804051692
6.90875477931522,5.0,3.0,5.0,5,0,13.591117476312084
5.293304824724492,6.0,2.0,1.0,13,2,12.91164481522143
5.860786223465865,6.0,4.0,1.0,2,0,12.765691290604371
4.61512051684126,4.0,2.0,2.0,5,0,12.691583538230217
5.303304908059076,5.0,2.0,2.0,1,0,12.765691290604371
6.26530121273771,3.0,3.0,2.0,2,0,13.864301674514206
5.262690188904886,4.0,3.0,1.0,8,1,13.301347705172173
5.472270673671475,6.0,3.0,2.0,7,1,12.759960632315702
5.726847747587197,3.0,2.0,2.0,2,0,12.971542813248437
4.990432586778736,3.0,2.0,2.0,5,0,12.706850963741102
5.14166355650266,3.0,2.0,2.0,1,0,12.818554633046093
5.272999558563747,6.0,4.0,2.0,4,0,13.217675375388819
4.51085950651685,3.0,2.0,2.0,0,0,12.834683971615659
5.834810737062605,5.0,3.0,1.0,1,0,13.321215875492413
5.707110264748875,3.0,3.0,2.0,2,0,13.043322334563697
5.568344503761097,4.0,4.0,1.0,9,1,12.345838935721968
5.8888779583328805,4.0,2.0,2.0,2,0,13.217675375388819
6.8885724595653635,3.0,3.0,6.0,5,0,13.795308871054397
5.926926025970411,5.0,3.0,2.0,3,0,13.652992804936396
5.5254529391317835,4.0,2.0,1.0,4,0,13.217675375388819
5.8888779583328805,5.0,6.0,4.0,5,0,13.270785106659046
6.993932975223189,5.0,6.0,4.0,5,0,13.76421831620775
6.943122422819428,5.0,4.0,4.0,5,0,13.955273369904273
5.493061443340548,4.0,3.0,2.0,2,0,13.092318517055679
5.075173815233827,3.0,4.0,1.0,7,1,12.429220196836383
6.68586094706836,5.0,6.0,4.0,5,0,13.710151153416941
6.16541785423142,5.0,5.0,4.0,2,0,13.623139877437296
5.771441123130016,6.0,3.0,3.0,7,1,12.721888795877375
5.863631175598097,4.0,3.0,4.0,3,0,13.407543823396258
6.90875477931522,4.0,5.0,4.0,5,0,13.815511557963774
5.303304908059076,4.0,3.0,2.0,3,0,13.180634172318978
5.537334267018537,5.0,2.0,2.0,2,0,13.235693848424024
6.192362489474872,4.0,3.0,4.0,4,0,13.997832948091215
5.337538079701318,3.0,2.0,1.0,9,1,12.676079399771027
6.436150368369428,6.0,5.0,4.0,5,0,13.38318953651709
6.124683390894205,5.0,3.0,2.0,2,0,13.597355791941425
7.098375638590786,5.0,3.0,4.0,2,0,14.45736497045232
6.556778356158042,4.0,5.0,4.0,5,0,13.81049902116535
5.303304908059076,4.0,3.0,2.0,5,0,12.834683971615659
5.176149732573829,4.0,3.0,2.0,2,0,13.101958608857487
6.6895992691789665,5.0,5.0,4.0,5,0,13.698977865303197
6.803505257608338,6.0,4.0,5.0,5,0,13.785052381406869
6.90875477931522,4.0,3.0,6.0,5,0,13.384729180332174
6.398594934535208,4.0,4.0,3.0,2,0,13.651815643149092
4.948759890378168,5.0,2.0,2.0,2,0,12.524530013005734
5.707110264748875,4.0,4.0,2.0,2,0,13.299674067415213
5.0689042022202315,4.0,2.0,2.0,2,0,12.896719202134523
5.707110264748875,3.0,2.0,2.0,2,0,13.233906541044401
6.486160788944089,5.0,5.0,5.0,5,0,13.710151153416941
5.993961427306569,4.0,3.0,4.0,2,0,14.19394767861579
5.303304908059076,4.0,4.0,2.0,2,0,12.676079399771027
7.155396301896734,4.0,4.0,6.0,5,0,14.214287349062356
5.746203190540153,4.0,4.0,1.0,5,0,12.706850963741102
5.337538079701318,4.0,3.0,2.0,3,0,12.846612510860464
6.46302945692067,6.0,3.0,4.0,4,0,14.346139397261565
5.648974238161206,4.0,3.0,3.0,2,0,13.161586013632684
6.621405651764134,3.0,2.0,3.0,4,0,14.603968372873895
6.403574197934815,3.0,3.0,4.0,4,0,14.77102238760702
5.707110264748875,5.0,3.0,3.0,2,0,13.664688831019712
5.303304908059076,4.0,3.0,1.0,3,0,13.180634172318978
5.717027701406222,3.0,2.0,2.0,1,0,13.269922667385995
5.308267697401205,4.0,4.0,1.0,2,0,12.691583538230217
6.1675164908883415,5.0,5.0,2.0,3,0,13.353476685668044
6.90875477931522,3.0,2.0,4.0,5,0,13.579789490265188
4.394449154672439,3.0,2.0,1.0,3,0,12.037659911047468
5.081404364984463,5.0,4.0,2.0,5,0,12.721888795877375
5.056245805348308,6.0,3.0,2.0,13,2,12.765691290604371
5.14166355650266,6.0,5.0,3.0,7,1,12.793862088206213
6.53813982376767,5.0,3.0,3.0,4,0,14.346139397261565
6.478509642208569,5.0,4.0,4.0,3,0,13.910821646859095
5.877735781779639,5.0,3.0,2.0,2,0,13.451668563394815
5.545177444479562,5.0,7.0,2.0,2,0,12.861001210669146
5.950642552587727,6.0,4.0,3.0,2,0,13.384729180332174
5.746203190540153,4.0,3.0,2.0,1,0,13.270785106659046
5.303304908059076,5.0,4.0,2.0,2,0,12.873904582205107
5.337538079701318,5.0,3.0,2.0,9,1,12.765691290604371
6.018593214496234,4.0,3.0,2.0,5,0,13.567050480716235
5.442417710521793,3.0,3.0,2.0,2,0,12.891694078557842
6.492239835020471,5.0,4.0,4.0,5,0,13.910821646859095
6.042632833682381,4.0,3.0,3.0,4,0,14.151983508870947
5.983936280687191,5.0,6.0,2.0,2,0,13.579789490265188
5.707110264748875,5.0,4.0,2.0,8,1,13.487007879880162
5.929589143389895,4.0,3.0,4.0,3,0,13.592368256649284
5.204006687076795,5.0,2.0,1.0,7,1,12.560247968016562
4.948759890378168,4.0,2.0,2.0,9,1,12.611541086966115
6.46302945692067,5.0,3.0,4.0,4,0,14.279245203127035
5.673323267171493,4.0,3.0,2.0,2,0,13.122365377402328
5.75890177387728,4.0,3.0,1.0,2,0,12.788291058675025
6.1675164908883415,4.0,3.0,2.0,5,0,13.180634172318978
6.923628628138427,4.0,6.0,2.0,5,0,13.955273369904273
6.07073772800249,4.0,3.0,3.0,4,0,14.285514812209815
5.8888779583328805,5.0,3.0,4.0,2,0,13.527829818844937
6.398594934535208,4.0,4.0,2.0,2,0,13.652992804936396
5.5254529391317835,4.0,3.0,1.0,3,0,12.948012371209098
7.039660349862076,3.0,4.0,4.0,5,0,14.0225255403564
6.398594934535208,3.0,2.0,2.0,2,0,14.122995993006082
6.621405651764134,3.0,3.0,2.0,2,0,13.997832948091215
5.942799375126701,4.0,4.0,2.0,5,0,13.384729180332174
6.729824070489475,4.0,4.0,5.0,4,0,14.88022163978423
5.602118820879701,4.0,3.0,2.0,3,0,13.017005083966255
7.00033446027523,4.0,4.0,4.0,2,0,14.187074804051692
7.601402334583733,6.0,8.0,5.0,5,0,14.108180918195472
7.069874128458572,4.0,4.0,6.0,5,0,14.214287349062356
6.401917196727186,6.0,5.0,5.0,2,0,13.527829818844937
5.8888779583328805,5.0,5.0,3.0,1,0,13.384729180332174
5.638354669333745,3.0,3.0,2.0,2,0,13.235693848424024
7.00397413672268,3.0,3.0,4.0,5,0,14.599412558413583
5.572154032177765,4.0,5.0,2.0,5,0,13.384729180332174
6.139884552226255,5.0,4.0,4.0,2,0,12.894209796826232
6.39024066706535,4.0,4.0,2.0,5,0,13.706812255867513
5.616771097666572,6.0,3.0,2.0,13,2,13.217675375388819
5.831882477283517,4.0,3.0,2.0,5,0,13.099096797545785
5.66988092298052,5.0,3.0,2.0,3,0,13.303018546545275
6.3561076606958915,4.0,5.0,2.0,5,0,13.444448325847754
5.673323267171493,3.0,4.0,3.0,5,0,13.698977865303197
5.780743515792329,4.0,5.0,2.0,5,0,13.275944180597024
5.993961427306569,4.0,2.0,1.0,3,0,13.217675375388819
5.993961427306569,3.0,2.0,1.0,3,0,13.217675375388819
5.420534999272286,3.0,3.0,4.0,2,0,13.116347317149176
6.056784013228625,5.0,4.0,3.0,3,0,13.652992804936396
5.545177444479562,4.0,3.0,3.0,1,0,13.161586013632684
5.786897381366708,3.0,2.0,3.0,5,0,13.180634172318978
5.905361848054571,6.0,6.0,3.0,1,0,13.340696979437066
4.948759890378168,4.0,3.0,2.0,2,0,12.524530013005734
7.1316985104669115,4.0,6.0,7.0,5,0,13.579789490265188
6.20455776256869,4.0,3.0,3.0,4,0,14.962913328262083
6.90875477931522,5.0,5.0,4.0,5,0,14.77102238760702
5.755742213586912,4.0,4.0,2.0,2,0,13.369225017834633
6.418364935936212,5.0,4.0,3.0,5,0,13.353476685668044
6.023447592961033,5.0,3.0,3.0,3,0,13.270785106659046
6.251903883165888,4.0,3.0,2.0,5,0,13.353476685668044
5.645446897643238,6.0,3.0,1.0,2,0,13.120363378739663
7.13966033596492,4.0,4.0,4.0,5,0,14.05058347065728
6.259581464064923,4.0,3.0,4.0,3,0,13.673948145715556
6.2766434893416445,5.0,3.0,3.0,4,0,14.038654909278163
5.564520407322694,6.0,3.0,4.0,5,0,13.161586013632684
6.46302945692067,4.0,4.0,3.0,5,0,13.955273369904273
5.786897381366708,4.0,4.0,2.0,1,0,13.444448325847754
5.53338948872752,4.0,3.0,2.0,1,0,12.676079399771027
5.707110264748875,4.0,3.0,2.0,1,0,13.199326270390594
6.920671504248683,4.0,3.0,4.0,5,0,13.910821646859095
5.5254529391317835,4.0,2.0,3.0,2,0,13.1421679654829
6.035481432524756,5.0,5.0,2.0,2,0,13.102162710901053
5.8289456176102075,4.0,3.0,2.0,5,0,13.099096797545785
6.398594934535208,4.0,6.0,5.0,5,0,13.81451105863119
5.4510384535657,5.0,2.0,3.0,6,1,13.76316513133229
6.282266746896006,4.0,3.0,2.0,5,0,13.081543466215237
6.364750756851911,4.0,4.0,3.0,4,0,14.403297778421795
5.198497031265826,3.0,3.0,1.0,3,0,12.524530013005734
6.255750041753367,4.0,3.0,4.0,3,0,13.673948145715556
6.156978985585555,4.0,4.0,4.0,2,0,13.567050480716235
5.375278407684165,4.0,4.0,1.0,4,0,13.384729180332174
5.707110264748875,5.0,4.0,2.0,2,0,13.102162710901053
5.71042701737487,4.0,2.0,4.0,5,0,13.161586013632684
5.62040086571715,6.0,3.0,2.0,4,0,13.161586013632684
6.003887067106539,3.0,4.0,2.0,5,0,13.226723392728571
5.937536205082426,4.0,4.0,2.0,4,0,13.451668563394815
7.062191632286556,4.0,5.0,6.0,5,0,13.500801182986649
5.707110264748875,3.0,3.0,2.0,2,0,13.527829818844937
7.00397413672268,4.0,6.0,2.0,5,0,14.115615891155079
5.420534999272286,6.0,3.0,2.0,4,0,13.017005083966255
5.318119993844216,5.0,4.0,2.0,9,1,12.873904582205107
6.255750041753367,5.0,7.0,2.0,5,0,13.487007879880162
5.762051382780177,4.0,4.0,4.0,3,0,13.353476685668044
5.707110264748875,4.0,3.0,2.0,5,0,13.369225017834633
5.932245187448011,4.0,4.0,2.0,1,0,13.287862561528266
6.910750787961936,4.0,4.0,4.0,2,0,14.316286451937186
5.4680601411351315,6.0,3.0,3.0,5,0,12.611541086966115
6.610696044717759,4.0,4.0,3.0,5,0,13.399996629152975
5.707110264748875,5.0,3.0,4.0,1,0,13.28787951079572
5.733341276897746,5.0,4.0,6.0,1,0,13.27076786516083
5.929589143389895,4.0,4.0,2.0,1,0,13.28787951079572
6.55250788703459,4.0,5.0,3.0,4,0,14.626441218624949
6.240275845170769,4.0,3.0,4.0,4,0,14.220976332738882
7.142827401161621,4.0,4.0,5.0,2,0,14.731801689838349
6.621405651764134,4.0,4.0,2.0,5,0,13.785052381406869
6.154858094016418,5.0,4.0,2.0,3,0,13.399996629152975
6.1463292576688975,5.0,6.0,3.0,5,0,13.955273369904273
5.942799375126701,6.0,3.0,5.0,4,0,14.220976332738882
6.398594934535208,4.0,4.0,2.0,2,0,13.652992804936396
6.111467339502679,4.0,4.0,2.0,2,0,13.567050480716235
5.932245187448011,4.0,4.0,2.0,5,0,13.617060838751888
6.338594078203183,3.0,4.0,4.0,5,0,13.610944619216111
5.170483995038151,4.0,2.0,1.0,2,0,12.54254845357358
5.602118820879701,4.0,4.0,2.0,4,0,13.795308871054397
7.3783837129967145,4.0,4.0,5.0,5,0,13.785052381406869
5.198497031265826,4.0,3.0,1.0,2,0,12.206077645517674
5.081404364984463,5.0,4.0,2.0,11,1,12.779875885354993
5.860786223465865,5.0,3.0,2.0,5,0,12.793862088206213
6.478509642208569,3.0,3.0,3.0,5,0,13.500801182986649
5.081404364984463,3.0,3.0,2.0,5,0,12.861001210669146
5.968707559985366,3.0,2.0,1.0,4,0,13.579789490265188
5.081404364984463,4.0,3.0,1.0,9,1,12.899222326086994
5.225746673713202,4.0,4.0,2.0,2,0,12.894209796826232
5.602118820879701,4.0,3.0,2.0,2,0,13.235693848424024
6.077642243349034,6.0,6.0,3.0,5,0,13.579789490265188
5.8888779583328805,5.0,3.0,4.0,4,0,13.498057700804253
5.902633333401366,3.0,3.0,2.0,2,0,12.959846800844963
5.7899601708972535,4.0,3.0,2.0,2,0,13.527829818844937
5.937536205082426,4.0,3.0,2.0,4,0,13.805461232211272
6.150602768446279,5.0,4.0,4.0,2,0,13.270785106659046
7.1316985104669115,5.0,5.0,4.0,5,0,13.81049902116535
6.621405651764134,4.0,3.0,4.0,5,0,13.652992804936396
7.150701457592526,4.0,3.0,3.0,5,0,14.266586814266963
6.021023349349527,5.0,4.0,4.0,3,0,13.353476685668044
6.111467339502679,4.0,4.0,2.0,5,0,13.610944619216111
6.6039438246004725,4.0,6.0,4.0,5,0,14.220976332738882
6.714170529909472,4.0,4.0,4.0,2,0,13.997832948091215
6.7650389767805414,6.0,7.0,4.0,5,0,13.909912143303451
6.042632833682381,5.0,6.0,3.0,5,0,13.652992804936396
6.018593214496234,3.0,5.0,4.0,5,0,13.955273369904273
5.673323267171493,4.0,4.0,2.0,2,0,13.081543466215237
5.62040086571715,3.0,3.0,1.0,2,0,13.07107218827772
5.831882477283517,4.0,3.0,2.0,2,0,8.412054873292933
5.87493073085203,5.0,2.0,2.0,4,0,14.151983508870947
6.419994928147142,4.0,2.0,3.0,4,0,14.285514812209815
5.971261839790462,4.0,3.0,2.0,3,0,13.3374763699232
5.420534999272286,4.0,3.0,2.0,2,0,13.1421679654829
5.752572638825633,4.0,2.0,2.0,2,0,13.270785106659046
6.703188113240863,4.0,3.0,3.0,5,0,13.758941264676379
6.042632833682381,6.0,4.0,4.0,3,0,13.753636218075409
5.8888779583328805,4.0,3.0,4.0,1,0,13.42246945133505
5.733341276897746,4.0,4.0,2.0,2,0,12.959846800844963
5.303304908059076,5.0,5.0,1.0,7,1,12.971542813248437
6.398594934535208,6.0,4.0,5.0,3,0,13.910821646859095
5.713732805509369,4.0,3.0,2.0,5,0,13.180634172318978
5.786897381366708,4.0,4.0,3.0,2,0,13.374678860018665
6.436150368369428,6.0,4.0,5.0,5,0,13.28787951079572
5.771441123130016,5.0,4.0,3.0,2,0,13.429849547739444
6.90875477931522,4.0,3.0,6.0,5,0,13.76421831620775
6.423246963533519,3.0,3.0,2.0,5,0,13.573440270649085
6.703188113240863,4.0,3.0,2.0,4,0,14.375126917328105
5.713732805509369,6.0,2.0,4.0,2,0,12.873904582205107
5.262690188904886,3.0,4.0,2.0,2,0,12.388398368982115
6.16541785423142,5.0,5.0,3.0,2,0,13.651815643149092
5.41610040220442,6.0,4.0,1.0,0,0,12.969214528909768
4.9344739331306915,3.0,3.0,2.0,2,0,12.506180941677357
6.410174881966167,3.0,3.0,2.0,5,0,12.706850963741102
6.293419278846481,5.0,5.0,3.0,2,0,13.487007879880162
6.133398042996649,3.0,2.0,2.0,5,0,13.45883704259595
5.7430031878094825,4.0,4.0,3.0,5,0,13.384729180332174
6.210600077024653,5.0,3.0,2.0,3,0,13.652992804936396
5.978885764901122,4.0,2.0,1.0,9,1,13.997832948091215
6.311734809152915,4.0,5.0,2.0,4,0,13.652992804936396
6.398594934535208,4.0,4.0,2.0,2,0,13.652992804936396
5.8522024797744745,4.0,3.0,1.0,3,0,13.217675375388819
6.156978985585555,4.0,6.0,4.0,5,0,13.251637470576167
5.62040086571715,4.0,3.0,2.0,2,0,12.959846800844963
6.90875477931522,4.0,4.0,4.0,5,0,14.115615891155079
5.777652323222656,5.0,4.0,2.0,2,0,13.343907249914384
6.07073772800249,6.0,4.0,2.0,3,0,13.698977865303197
5.484796933490655,5.0,3.0,2.0,4,0,13.500801182986649
5.968707559985366,6.0,4.0,3.0,4,0,13.592368256649284
6.255750041753367,4.0,4.0,3.0,4,0,14.316286451937186
7.1098794630722715,4.0,5.0,6.0,2,0,14.94368197249847
6.398594934535208,4.0,3.0,2.0,2,0,13.910821646859095
6.990256500493881,4.0,6.0,6.0,5,0,14.077875591662238
5.017279836814924,6.0,4.0,1.0,7,1,12.706850963741102
5.198497031265826,4.0,2.0,1.0,0,0,12.449022745701502
5.961005339623274,4.0,6.0,2.0,2,0,13.180445475627591
6.398594934535208,5.0,5.0,4.0,5,0,13.997832948091215
5.081404364984463,5.0,4.0,2.0,9,1,12.608202196848836
5.384495062789089,4.0,4.0,2.0,2,0,12.765691290604371
5.7430031878094825,5.0,4.0,2.0,2,0,13.120363378739663
7.180069874302796,6.0,7.0,6.0,5,0,14.279245203127035
5.081404364984463,4.0,2.0,1.0,5,0,12.396697137361691
6.55250788703459,3.0,3.0,4.0,5,0,14.038654909278163
6.111467339502679,6.0,7.0,4.0,5,0,13.652992804936396
5.8916442118257715,3.0,3.0,2.0,14,2,13.161586013632684
7.0909098220799835,3.0,2.0,4.0,5,0,13.487007879880162
5.733341276897746,4.0,4.0,2.0,1,0,13.399996629152975
5.707110264748875,6.0,5.0,2.0,3,0,13.652992804936396
6.042632833682381,5.0,3.0,4.0,3,0,13.25339339419516
5.455321115357702,4.0,3.0,3.0,2,0,13.190023895035274
6.19644412779452,4.0,4.0,2.0,3,0,13.579789490265188
7.078341579557671,4.0,4.0,6.0,5,0,14.115615891155079
6.261491684321042,5.0,4.0,1.0,2,0,12.89897229545694
6.1224928095143865,4.0,3.0,2.0,2,0,13.377007146164305
6.395261598115449,5.0,5.0,3.0,5,0,13.45883704259595
6.60934924316738,5.0,5.0,5.0,4,0,14.48334044336031
5.517452896464707,3.0,3.0,4.0,4,0,13.060490101343552
5.572154032177765,4.0,2.0,2.0,2,0,13.426904041847699
5.707110264748875,5.0,3.0,2.0,2,0,13.161586013632684
5.916202062607435,6.0,4.0,2.0,2,0,13.361381852676738
5.768320995793772,4.0,4.0,2.0,2,0,13.429702478318
6.55250788703459,5.0,5.0,5.0,4,0,14.48334044336031
5.25227342804663,4.0,2.0,2.0,9,1,12.314931534737134
6.249975242259483,4.0,3.0,4.0,3,0,13.664688831019712
5.337538079701318,4.0,2.0,2.0,3,0,12.846612510860464
7.213768308118642,5.0,6.0,6.0,2,0,15.176487367510099
5.986452005284438,4.0,4.0,3.0,3,0,13.629182184591333
5.905361848054571,5.0,5.0,2.0,3,0,13.641158361294979
6.608000625296087,5.0,5.0,4.0,5,0,13.81451105863119
6.621405651764134,5.0,7.0,5.0,4,0,14.506155109559108
6.3578422665081,4.0,3.0,2.0,4,0,13.76421831620775
5.3981627015177525,5.0,3.0,2.0,2,0,13.1421679654829
5.6240175061873385,3.0,3.0,2.0,2,0,13.578522867254332
5.442417710521793,4.0,2.0,4.0,4,0,13.270785106659046
6.249975242259483,3.0,2.0,1.0,4,0,13.910821646859095
6.16541785423142,6.0,5.0,4.0,2,0,13.567050480716235
5.638354669333745,3.0,3.0,1.0,2,0,12.873904582205107
6.104793232414985,4.0,3.0,3.0,4,0,14.220976332738882
5.351858133476067,4.0,2.0,2.0,2,0,13.615840583835682
5.017279836814924,3.0,2.0,2.0,2,0,12.75130259456002
6.90875477931522,4.0,5.0,4.0,5,0,13.629182184591333
6.042632833682381,4.0,5.0,2.0,5,0,12.75130259456002
6.212606095751519,5.0,7.0,4.0,4,0,13.815511557963774
5.860786223465865,5.0,4.0,3.0,5,0,13.180634172318978
5.793013608384144,4.0,8.0,2.0,5,0,13.217675375388819
6.111467339502679,4.0,4.0,2.0,4,0,13.122345377242327
7.044032897274685,5.0,5.0,4.0,5,0,13.972515161474428
5.081404364984463,4.0,2.0,2.0,9,1,12.506180941677357
5.786897381366708,4.0,2.0,5.0,1,0,13.122365377402328
6.400257445308821,6.0,8.0,4.0,4,0,14.403297778421795
5.568344503761097,5.0,4.0,2.0,2,0,12.631343648903034
6.90875477931522,4.0,4.0,4.0,2,0,14.260197020251155
5.802118375377063,4.0,2.0,2.0,5,0,13.399996629152975
5.771441123130016,5.0,4.0,2.0,2,0,13.081543466215237
5.805134968916488,4.0,4.0,1.0,2,0,12.897971547314246
5.60947179518496,4.0,4.0,3.0,2,0,13.573440270649085
5.961005339623274,4.0,2.0,2.0,2,0,13.384729180332174
6.398594934535208,4.0,4.0,4.0,5,0,13.567050480716235
5.752572638825633,3.0,5.0,3.0,5,0,12.574185427296195
5.303304908059076,3.0,3.0,2.0,3,0,12.947774248188859
7.01301578963963,5.0,3.0,6.0,5,0,13.937729075643883
5.638354669333745,6.0,4.0,2.0,5,0,12.660331092405906
6.063785208687608,5.0,5.0,3.0,2,0,13.429849547739444
5.746203190540153,4.0,4.0,2.0,5,0,13.077368103521614
5.860786223465865,3.0,3.0,2.0,5,0,13.353476685668044
5.993961427306569,4.0,3.0,2.0,5,0,13.525159593854116
5.860786223465865,5.0,4.0,2.0,5,0,13.304686600863562
5.707110264748875,4.0,3.0,3.0,2,0,13.112315061750808
4.605170185988092,3.0,2.0,1.0,2,0,12.292254928916668
4.343805421853684,3.0,2.0,1.0,9,1,11.58989576532275
5.8377304471659395,3.0,2.0,2.0,2,0,13.159661088928443
5.676753802268282,5.0,3.0,2.0,1,0,13.270785106659046
5.736572297479192,4.0,7.0,2.0,4,0,13.579789490265188
5.4116460518550396,4.0,3.0,2.0,4,0,12.81584093453868
5.3981627015177525,3.0,3.0,1.0,3,0,13.244582780038517
6.2166061010848646,5.0,3.0,4.0,2,0,14.187074804051692
5.968707559985366,4.0,2.0,2.0,3,0,13.351888125506433
6.553933404025811,4.0,4.0,3.0,5,0,13.652992804936396
6.338594078203183,5.0,5.0,4.0,5,0,13.591117476312084
7.643961949002529,4.0,4.0,4.0,5,0,14.508658238524095
6.580639137284949,5.0,4.0,3.0,1,0,14.115615891155079
5.834810737062605,4.0,4.0,3.0,2,0,13.573440270649085
5.6131281063880705,5.0,4.0,1.0,9,1,12.948012371209098
5.424950017481403,3.0,2.0,1.0,4,0,13.151924121391561
5.82600010738045,4.0,2.0,2.0,2,0,12.971542813248437
7.433666540166168,4.0,3.0,5.0,5,0,14.557448378884015
5.713732805509369,6.0,3.0,2.0,2,0,13.122365377402328
5.730099782973574,3.0,3.0,2.0,2,0,13.591117476312084
5.921578419643816,5.0,4.0,2.0,5,0,13.573440270649085
6.523562306149512,4.0,3.0,4.0,4,0,14.346139397261565
5.849324779946859,4.0,3.0,3.0,3,0,13.321215875492413
5.8888779583328805,4.0,3.0,2.0,4,0,13.1421679654829
6.922643891475888,4.0,6.0,2.0,5,0,13.910821646859095
5.0238805208462765,4.0,3.0,1.0,9,1,12.560247968016562
5.225746673713202,3.0,4.0,2.0,2,0,13.415034483903348
5.198497031265826,6.0,4.0,2.0,2,0,12.765691290604371
5.332718793265369,5.0,3.0,2.0,1,0,13.353476685668044
6.021023349349527,3.0,3.0,2.0,4,0,13.99699926803766
6.133398042996649,4.0,3.0,1.0,4,0,13.910821646859095
6.322565239927284,6.0,5.0,4.0,4,0,14.403297778421795
5.87493073085203,4.0,3.0,1.0,4,0,14.151983508870947
5.749392985908253,4.0,4.0,2.0,5,0,13.369225017834633
6.26530121273771,4.0,5.0,2.0,4,0,14.343193888767015
5.484796933490655,5.0,2.0,2.0,2,0,12.79358427261286
5.5254529391317835,3.0,4.0,2.0,2,0,13.26212705890841
6.55250788703459,4.0,5.0,3.0,5,0,13.592243248992402
6.3578422665081,6.0,3.0,4.0,4,0,13.845070331079134
5.746203190540153,5.0,3.0,2.0,3,0,13.304686600863562
5.8888779583328805,4.0,4.0,3.0,5,0,13.26212705890841
5.707110264748875,4.0,2.0,2.0,2,0,13.091906231773164
5.8377304471659395,4.0,4.0,3.0,2,0,13.190023895035274
6.2166061010848646,3.0,3.0,2.0,5,0,13.45883704259595
6.398594934535208,5.0,4.0,4.0,1,0,14.061589862421503
6.236369590203704,5.0,4.0,2.0,3,0,14.038654909278163
5.4510384535657,4.0,2.0,3.0,2,0,12.765691290604371
5.986452005284438,4.0,4.0,2.0,4,0,13.76421831620775
5.147494476813453,5.0,5.0,1.0,2,0,13.122365377402328
6.311734809152915,4.0,4.0,2.0,4,0,14.508158113732536
5.8888779583328805,4.0,2.0,2.0,3,0,13.286183160425152
6.333279628139691,3.0,4.0,4.0,5,0,13.592355756586782
4.770684624465665,3.0,2.0,3.0,6,1,12.577639650232573
6.890609120147166,4.0,4.0,4.0,5,0,14.557448378884015
6.90875477931522,3.0,3.0,4.0,5,0,13.76421831620775
4.997212273764115,3.0,3.0,1.0,5,0,12.676079399771027
6.444131256700441,4.0,6.0,3.0,2,0,13.70903942580019
5.993961427306569,4.0,4.0,3.0,4,0,13.652992804936396
5.648974238161206,3.0,2.0,2.0,2,0,13.617060838751888
4.795790545596741,6.0,4.0,1.0,13,2,12.560247968016562
6.282266746896006,4.0,3.0,2.0,5,0,13.457407451830088
6.056784013228625,6.0,3.0,4.0,4,0,13.997832948091215
5.303304908059076,4.0,2.0,2.0,2,0,12.948012371209098
5.707110264748875,5.0,3.0,2.0,3,0,13.180634172318978
6.398594934535208,6.0,4.0,3.0,2,0,13.487007879880162
6.293419278846481,4.0,4.0,5.0,5,0,13.038983942375959
5.707110264748875,4.0,3.0,4.0,2,0,13.3374763699232
6.957497370876951,4.0,4.0,5.0,5,0,13.997832948091215
5.303304908059076,4.0,3.0,1.0,5,0,12.644330802262578
6.530877627725885,4.0,4.0,2.0,2,0,13.779884416590017
6.9957661563048505,5.0,4.0,4.0,2,0,14.220976332738882
5.707110264748875,4.0,4.0,4.0,2,0,13.217675375388819
5.081404364984463,4.0,3.0,1.0,2,0,12.861001210669146
5.934894195619588,5.0,3.0,2.0,8,1,13.592368256649284
6.516193076042964,3.0,3.0,6.0,1,0,14.070153551531353
6.92461239604856,4.0,3.0,4.0,5,0,13.864301674514206
5.993961427306569,5.0,4.0,1.0,7,1,13.217675375388819
4.219507705176107,4.0,5.0,2.0,5,0,12.611541086966115
5.707110264748875,4.0,4.0,2.0,4,0,13.795308871054397
4.919980925828125,6.0,3.0,2.0,9,1,12.487488878546145
6.1675164908883415,3.0,3.0,4.0,5,0,13.30051123642657
7.037905963447182,6.0,5.0,5.0,5,0,14.285514812209815
7.183870715062453,6.0,6.0,4.0,5,0,14.220976332738882
7.156176637480615,4.0,4.0,5.0,5,0,14.253766134056512
7.273092595999522,6.0,4.0,4.0,5,0,14.33430494661736
7.156176637480615,4.0,4.0,5.0,5,0,14.253766134056512
5.459585514144159,3.0,3.0,3.0,4,0,13.353476685668044
5.5254529391317835,5.0,3.0,2.0,2,0,13.304686600863562
6.07073772800249,6.0,3.0,2.0,3,0,13.629182184591333
5.3981627015177525,4.0,2.0,1.0,2,0,13.060490101343552
5.5909869805108565,4.0,2.0,2.0,3,0,13.399996629152975
5.802118375377063,6.0,4.0,1.0,3,0,13.527829818844937
6.111467339502679,6.0,4.0,5.0,5,0,13.197472705176983
5.081404364984463,3.0,2.0,1.0,9,1,12.524530013005734
5.707110264748875,4.0,4.0,2.0,2,0,13.060490101343552
6.251903883165888,4.0,3.0,2.0,2,0,13.444448325847754
6.675823221634848,5.0,4.0,5.0,5,0,13.45883704259595
5.8888779583328805,4.0,2.0,5.0,4,0,13.480039220276565
5.231108616854587,5.0,4.0,1.0,2,0,12.807655372286902
5.8888779583328805,4.0,2.0,2.0,2,0,13.617060838751888
5.707110264748875,4.0,3.0,1.0,5,0,13.353476685668044
5.3981627015177525,5.0,3.0,2.0,2,0,12.807655372286902
5.198497031265826,5.0,3.0,2.0,2,0,12.765691290604371
5.755742213586912,4.0,3.0,3.0,2,0,13.215855541983634
5.4510384535657,4.0,3.0,1.0,2,0,12.968981402048069
4.672828834461906,4.0,2.0,1.0,6,1,12.765691290604371
6.118097198041348,5.0,3.0,2.0,3,0,13.698977865303197
5.993961427306569,4.0,4.0,2.0,2,0,14.077875591662238
6.202535517187923,4.0,8.0,3.0,5,0,13.997832948091215
7.416979621381154,4.0,5.0,6.0,5,0,13.641158361294979
5.707110264748875,4.0,2.0,2.0,1,0,13.26212705890841
5.991464547107982,4.0,3.0,3.0,4,0,13.499430382731967
5.303304908059076,4.0,3.0,1.0,9,1,12.323860125621126
5.7899601708972535,4.0,2.0,4.0,2,0,13.151924121391561
6.2166061010848646,5.0,4.0,4.0,2,0,13.389333939650964
6.255750041753367,4.0,6.0,3.0,5,0,13.785052381406869
6.042632833682381,4.0,5.0,2.0,2,0,13.161586013632684
7.293697720601438,4.0,5.0,6.0,2,0,14.690979711984754
5.820082930352362,5.0,4.0,1.0,2,0,13.815511557963774
5.981414211254481,5.0,4.0,3.0,3,0,13.579789490265188
7.534228326274089,4.0,5.0,6.0,2,0,14.910784279814974
6.910750787961936,4.0,8.0,4.0,2,0,14.316286451937186
5.780743515792329,4.0,2.0,2.0,2,0,13.321215875492413
5.442417710521793,4.0,4.0,2.0,5,0,12.847929163278053
5.081404364984463,4.0,3.0,2.0,9,1,12.479913113434042
6.111467339502679,4.0,4.0,2.0,5,0,13.3374763699232
5.342334251964811,4.0,2.0,2.0,1,0,12.971542813248437
5.598421958998375,3.0,3.0,3.0,2,0,13.017005083966255
5.771441123130016,4.0,4.0,3.0,4,0,13.384729180332174
7.1316985104669115,4.0,4.0,2.0,5,0,13.8924725250259
5.049856007249537,5.0,3.0,2.0,5,0,12.821260987319457
5.707110264748875,4.0,4.0,2.0,2,0,13.07107218827772
5.081404364984463,6.0,4.0,1.0,9,1,12.611541086966115
6.890609120147166,4.0,4.0,4.0,5,0,14.557448378884015
7.215975002651466,4.0,4.0,6.0,4,0,14.731801689838349
5.786897381366708,4.0,4.0,2.0,5,0,13.12814861062497
5.480638923341991,5.0,4.0,2.0,1,0,13.199326270390594
6.0063531596017325,5.0,5.0,2.0,1,0,13.429849547739444
7.244941546337007,5.0,5.0,6.0,5,0,13.753636218075409
6.673297967767654,4.0,4.0,2.0,5,0,13.989464705423494
6.90875477931522,3.0,2.0,4.0,5,0,13.301347705172173
5.43372200355424,3.0,2.0,2.0,2,0,13.036807667689546
6.3578422665081,4.0,3.0,3.0,4,0,13.863348840666827
6.594413459749778,4.0,4.0,3.0,5,0,13.527829818844937
5.541263545158426,4.0,4.0,4.0,5,0,13.910821646859095
6.473890696352274,3.0,4.0,2.0,5,0,13.981025843899115
5.739792912179234,5.0,3.0,2.0,4,0,14.187074804051692
6.089044875446846,5.0,6.0,6.0,2,0,13.997832948091215
6.398594934535208,4.0,4.0,4.0,5,0,13.864301674514206
5.564520407322694,4.0,6.0,3.0,4,0,14.253766134056512
7.256297239690681,5.0,5.0,7.0,5,0,14.038654909278163
6.53813982376767,4.0,3.0,2.0,5,0,13.45883704259595
6.398594934535208,6.0,4.0,4.0,1,0,13.997832948091215
6.2166061010848646,4.0,4.0,3.0,5,0,13.42246945133505
5.5254529391317835,3.0,4.0,2.0,5,0,13.235693848424024
6.100318952020064,4.0,3.0,2.0,9,1,13.235693848424024
6.535241271013659,5.0,5.0,5.0,5,0,13.997832948091215
5.713732805509369,4.0,4.0,3.0,5,0,13.26212705890841
6.361302477572996,6.0,4.0,4.0,5,0,13.864301674514206
5.993961427306569,4.0,3.0,3.0,5,0,13.652992804936396
5.8944028342648505,5.0,5.0,2.0,5,0,13.217675375388819
6.90875477931522,4.0,2.0,4.0,5,0,13.910821646859095
5.707110264748875,3.0,3.0,2.0,5,0,13.270785106659046
6.90875477931522,5.0,4.0,2.0,5,0,13.76421831620775
5.707110264748875,4.0,4.0,2.0,5,0,13.279368835614243
6.966967138613983,3.0,4.0,4.0,5,0,14.093143052138025
6.2166061010848646,4.0,4.0,6.0,5,0,14.316286451937186
6.293419278846481,4.0,3.0,4.0,3,0,13.652992804936396
6.089044875446846,5.0,3.0,4.0,5,0,14.48334044336031
6.976348070447749,5.0,5.0,5.0,5,0,13.710151153416941
6.208590026096629,4.0,2.0,2.0,3,0,13.76421831620775
5.62040086571715,3.0,3.0,2.0,2,0,13.710151153416941
5.541263545158426,4.0,4.0,4.0,5,0,13.910821646859095
5.680172609017068,5.0,5.0,3.0,5,0,13.180634172318978
7.741099090035366,4.0,4.0,4.0,5,0,14.599412558413583
6.90875477931522,4.0,4.0,4.0,5,0,14.077875591662238
6.621405651764134,3.0,3.0,4.0,5,0,13.997832948091215
5.993961427306569,3.0,3.0,3.0,3,0,14.151983508870947
7.353081920515432,4.0,3.0,4.0,5,0,13.742940940397677
7.43307534889858,5.0,5.0,6.0,5,0,13.698977865303197
6.2166061010848646,4.0,4.0,4.0,5,0,13.910821646859095
5.707110264748875,5.0,6.0,2.0,5,0,13.384729180332174
5.768320995793772,4.0,3.0,4.0,5,0,13.500801182986649
6.39024066706535,3.0,2.0,3.0,5,0,13.758941264676379
7.3783837129967145,4.0,2.0,4.0,5,0,13.997832948091215
6.90875477931522,6.0,5.0,5.0,5,0,14.038654909278163
6.46302945692067,3.0,4.0,4.0,2,0,13.710151153416941
5.993961427306569,4.0,3.0,3.0,5,0,14.115615891155079
5.683579767338681,4.0,4.0,3.0,2,0,13.45883704259595
6.498282149476434,4.0,3.0,3.0,4,0,14.508658238524095
6.163314804034641,5.0,5.0,3.0,5,0,13.399996629152975
6.424869023905388,3.0,3.0,2.0,1,0,13.910821646859095
6.22455842927536,5.0,3.0,4.0,2,0,13.698977865303197
4.948759890378168,3.0,2.0,2.0,2,0,13.100119813444692
5.993961427306569,4.0,4.0,3.0,2,0,13.910821646859095
6.452048954437226,4.0,4.0,3.0,5,0,13.676249640055394
5.638354669333745,5.0,3.0,2.0,2,0,13.014780393893403
6.023447592961033,4.0,4.0,2.0,5,0,13.444448325847754
5.0689042022202315,3.0,3.0,2.0,2,0,12.570719231334277
7.409136443920128,5.0,5.0,6.0,5,0,13.70903942580019
6.55250788703459,3.0,3.0,3.0,5,0,13.996164892381724
5.8888779583328805,5.0,4.0,4.0,2,0,12.994532278619134
6.55250788703459,4.0,4.0,2.0,5,0,13.732130035981154
5.717027701406222,4.0,3.0,2.0,5,0,13.049794835104816
6.710523109452428,4.0,3.0,3.0,5,0,14.187074804051692
6.118097198041348,5.0,4.0,3.0,5,0,13.270785106659046
5.993961427306569,4.0,3.0,3.0,5,0,14.115615891155079
6.918695219020472,4.0,4.0,3.0,5,0,13.955273369904273
6.490723534502507,5.0,5.0,5.0,2,0,14.731801689838349
7.496097345175956,3.0,2.0,7.0,5,0,14.077875591662238
5.771441123130016,6.0,4.0,3.0,1,0,13.384729180332174
6.966967138613983,4.0,4.0,6.0,5,0,13.76421831620775
7.170888478512505,5.0,6.0,4.0,2,0,15.18922639004183
6.175867270105761,5.0,3.0,2.0,1,0,13.28787951079572
6.3818160174060985,4.0,5.0,2.0,5,0,13.652992804936396
6.255750041753367,5.0,5.0,3.0,5,0,13.465954500233115
5.771441123130016,4.0,4.0,3.0,4,0,13.68767832281738
6.126869184114185,4.0,4.0,7.0,2,0,14.220976332738882
5.66988092298052,4.0,3.0,2.0,5,0,13.304686600863562
6.597145701886651,4.0,3.0,2.0,5,0,13.586098651497313
6.90875477931522,4.0,4.0,5.0,2,0,14.403297778421795
6.7580945044277305,6.0,4.0,2.0,5,0,13.997832948091215
6.424869023905388,4.0,3.0,2.0,4,0,14.397726736475999
5.278114659230517,3.0,3.0,2.0,5,0,12.762830066509972
6.345636360828596,5.0,4.0,4.0,4,0,14.151983508870947
5.916202062607435,5.0,3.0,4.0,2,0,13.122365377402328
6.898714534329988,4.0,4.0,4.0,5,0,13.955273369904273
5.8998973535824915,5.0,5.0,1.0,5,0,13.444448325847754
6.775366090936392,3.0,3.0,2.0,5,0,13.795308871054397
6.851184927493743,5.0,5.0,5.0,5,0,14.115615891155079
6.68586094706836,5.0,5.0,4.0,4,0,14.144815024531075
7.065613363597717,3.0,3.0,3.0,5,0,13.803438988875241
6.398594934535208,4.0,4.0,6.0,5,0,14.603968372873895
5.5254529391317835,4.0,2.0,2.0,2,0,13.102162710901053
6.928537818164665,5.0,6.0,4.0,5,0,14.346139397261565
6.144185634125646,4.0,3.0,4.0,5,0,13.51440681653079
7.190676034332207,4.0,4.0,3.0,2,0,14.446782866720884
5.707110264748875,4.0,4.0,2.0,5,0,13.384729180332174
7.144407180321139,4.0,3.0,3.0,2,0,14.05058347065728
5.87493073085203,5.0,5.0,3.0,5,0,13.369225017834633
6.054439346269371,5.0,4.0,2.0,3,0,14.077875591662238
6.444131256700441,5.0,7.0,5.0,5,0,13.429849547739444
5.616771097666572,3.0,4.0,2.0,2,0,13.161586013632684
6.923628628138427,4.0,4.0,3.0,5,0,13.527829818844937
5.846438775057725,3.0,2.0,3.0,3,0,13.500801182986649
5.484796933490655,3.0,2.0,2.0,2,0,13.081543466215237
5.707110264748875,3.0,3.0,4.0,5,0,13.803438988875241
5.993961427306569,5.0,5.0,2.0,1,0,13.805461232211272
5.69035945432406,5.0,4.0,3.0,5,0,12.691583538230217
6.154858094016418,3.0,3.0,3.0,5,0,13.586098651497313
6.851184927493743,5.0,5.0,6.0,5,0,14.115615891155079
6.398594934535208,3.0,3.0,2.0,5,0,13.592368256649284
6.3561076606958915,4.0,5.0,3.0,5,0,13.698977865303197
5.375278407684165,5.0,4.0,3.0,2,0,13.676249640055394
4.919980925828125,3.0,2.0,2.0,3,0,12.765691290604371
6.516193076042964,5.0,4.0,4.0,5,0,13.45883704259595
5.860786223465865,4.0,4.0,4.0,5,0,13.45883704259595
6.918695219020472,4.0,4.0,4.0,5,0,14.217637433703022
6.2166061010848646,4.0,3.0,3.0,5,0,13.199326270390594
5.993961427306569,5.0,6.0,2.0,5,0,13.480039220276565
6.46302945692067,3.0,4.0,6.0,5,0,14.253766134056512
6.111467339502679,3.0,3.0,4.0,5,0,13.28787951079572
6.90875477931522,4.0,5.0,2.0,5,0,14.340239678615058
6.175867270105761,6.0,7.0,2.0,1,0,13.26212705890841
5.968707559985366,4.0,3.0,4.0,4,0,14.038654909278163
5.017279836814924,3.0,3.0,3.0,2,0,13.1421679654829
4.2626798770413155,3.0,3.0,2.0,5,0,12.409017571151187
5.771441123130016,4.0,4.0,4.0,5,0,13.3374763699232
6.398594934535208,5.0,5.0,2.0,4,0,14.285514812209815
7.170888478512505,5.0,5.0,6.0,5,0,14.130322027731049
5.384495062789089,3.0,4.0,1.0,0,0,13.321215875492413
7.1372784372603855,4.0,4.0,4.0,5,0,14.731801689838349
6.406879986069314,4.0,4.0,2.0,2,0,13.76421831620775
6.55250788703459,3.0,2.0,2.0,2,0,14.04662307257814
6.236369590203704,3.0,3.0,2.0,0,0,13.217675375388819
5.707110264748875,4.0,4.0,2.0,5,0,13.161586013632684
6.371611847231857,4.0,4.0,3.0,5,0,13.480039220276565
5.717027701406222,3.0,2.0,2.0,2,0,13.353476685668044
6.013715156042802,4.0,4.0,3.0,5,0,13.51440681653079
6.508769136971682,5.0,5.0,4.0,5,0,13.815511557963774
5.814130531825066,3.0,2.0,2.0,5,0,13.1421679654829
6.270988431858299,4.0,4.0,3.0,4,0,14.731801689838349
5.662960480135946,4.0,4.0,3.0,2,0,13.217675375388819
5.5254529391317835,3.0,2.0,2.0,2,0,13.038983942375959
5.739792912179234,5.0,4.0,3.0,1,0,13.353476685668044
5.303304908059076,4.0,4.0,2.0,2,0,12.644330802262578
6.234410725718371,4.0,4.0,4.0,1,0,14.430696737594902
5.420534999272286,3.0,2.0,3.0,2,0,12.971542813248437
6.100318952020064,3.0,2.0,3.0,4,0,14.045829107307345
6.38856140554563,4.0,5.0,2.0,5,0,15.062988442115696
6.55250788703459,4.0,3.0,4.0,5,0,14.557448378884015
7.409136443920128,4.0,8.0,7.0,2,0,15.19679262851687
5.652489180268651,4.0,4.0,1.0,1,0,13.527829818844937
6.137727054086234,4.0,4.0,2.0,3,0,14.148405690083225
5.484796933490655,4.0,3.0,3.0,5,0,13.26212705890841
5.723585101952381,4.0,4.0,3.0,5,0,13.180634172318978
5.8888779583328805,3.0,3.0,2.0,2,0,14.151983508870947
6.803505257608338,5.0,5.0,5.0,5,0,13.910821646859095
5.823045895483019,4.0,3.0,2.0,5,0,13.415034483903348
6.398594934535208,4.0,5.0,4.0,5,0,13.805461232211272
6.111467339502679,6.0,4.0,2.0,1,0,13.116347317149176
7.036148493750536,4.0,5.0,4.0,5,0,13.864301674514206
5.983936280687191,3.0,3.0,2.0,5,0,13.190023895035274
5.638354669333745,4.0,2.0,4.0,1,0,13.353476685668044
5.707110264748875,4.0,3.0,4.0,2,0,13.199326270390594
5.993961427306569,4.0,3.0,3.0,2,0,13.710151153416941
5.820082930352362,5.0,5.0,1.0,5,0,13.384729180332174
6.2166061010848646,4.0,4.0,4.0,5,0,13.815511557963774
6.2166061010848646,4.0,3.0,4.0,2,0,14.585619242623203
6.447305862541213,4.0,3.0,2.0,2,0,13.805461232211272
7.158513997329321,4.0,3.0,2.0,5,0,14.285514812209815
5.407171771460119,4.0,3.0,1.0,3,0,13.217675375388819
6.601230118728877,4.0,3.0,5.0,5,0,14.45736497045232
5.973809611869261,4.0,5.0,3.0,5,0,13.396961730063138
6.118097198041348,3.0,3.0,6.0,2,0,14.220976332738882
6.371611847231857,4.0,3.0,4.0,3,0,14.33430494661736
5.707110264748875,5.0,4.0,2.0,2,0,13.3374763699232
5.771441123130016,3.0,3.0,2.0,2,0,13.437175577097312
6.90875477931522,3.0,3.0,2.0,5,0,13.785052381406869
6.52649485957079,3.0,2.0,2.0,5,0,13.455975814408239
6.885509670034818,3.0,4.0,4.0,5,0,13.795308871054397
5.918893854273146,5.0,4.0,2.0,4,0,13.6646911565957
5.5254529391317835,4.0,4.0,2.0,2,0,13.429849547739444
5.303304908059076,4.0,4.0,1.0,7,1,12.807655372286902
5.707110264748875,4.0,4.0,4.0,1,0,13.303018546545275
6.903747257584598,4.0,3.0,4.0,2,0,14.216466180274557
6.327936783729195,3.0,3.0,3.0,5,0,13.451668563394815
5.247024072160486,4.0,2.0,2.0,5,0,12.896719202134523
6.016157159698354,5.0,3.0,2.0,1,0,13.28787951079572
6.274762021241939,3.0,3.0,4.0,4,0,14.77102238760702
5.924255797414532,4.0,4.0,2.0,3,0,13.487007879880162
5.583496308781699,3.0,2.0,3.0,3,0,13.296318365198623
5.707110264748875,4.0,3.0,1.0,2,0,13.353476685668044
6.398594934535208,3.0,3.0,4.0,5,0,13.845070331079134
5.501258210544727,3.0,3.0,1.0,2,0,12.923914877701906
5.771441123130016,3.0,4.0,2.0,1,0,13.3374763699232
5.746203190540153,6.0,3.0,2.0,1,0,13.304684934198283
5.730099782973574,3.0,3.0,2.0,2,0,13.171155446333852
5.8377304471659395,5.0,3.0,2.0,1,0,13.260386417460465
7.415776975415394,6.0,3.0,6.0,5,0,14.0225255403564
5.707110264748875,5.0,3.0,3.0,3,0,13.579789490265188
5.303304908059076,5.0,3.0,1.0,7,1,13.038983942375959
5.883322388488279,6.0,5.0,4.0,2,0,13.180634172318978
5.081404364984463,4.0,2.0,1.0,9,1,12.381478678448937
5.3230099791384085,5.0,2.0,1.0,2,0,12.765691290604371
6.398594934535208,3.0,4.0,3.0,4,0,14.731801689838349
5.484796933490655,3.0,2.0,3.0,5,0,13.07107218827772
5.60947179518496,6.0,4.0,2.0,2,0,13.081543466215237
5.855071922202427,6.0,4.0,4.0,4,0,13.901689171636098
5.303304908059076,4.0,3.0,2.0,2,0,12.826651821423713
6.90875477931522,4.0,5.0,4.0,5,0,13.997832948091215
6.914730892718563,3.0,5.0,4.0,5,0,14.014362236381235
6.042632833682381,4.0,2.0,2.0,3,0,13.270785106659046
6.610696044717759,4.0,6.0,3.0,5,0,13.399996629152975
6.90875477931522,3.0,4.0,4.0,5,0,13.500801182986649
5.278114659230517,6.0,2.0,2.0,9,1,12.421188057397055
5.983936280687191,4.0,2.0,2.0,5,0,13.270785106659046
5.860786223465865,4.0,3.0,4.0,2,0,12.779875885354993
7.00397413672268,5.0,4.0,6.0,5,0,13.99699926803766
6.398594934535208,4.0,5.0,4.0,4,0,14.603968372873895
4.890349128221754,6.0,3.0,1.0,5,0,12.866182555987908
6.282266746896006,4.0,4.0,2.0,5,0,13.527829818844937
6.910750787961936,4.0,8.0,4.0,2,0,14.316286451937186
5.303304908059076,4.0,4.0,1.0,6,1,13.017005083966255
5.673323267171493,3.0,3.0,3.0,2,0,13.122365377402328
7.643961949002529,4.0,4.0,4.0,5,0,14.508658238524095
6.154858094016418,5.0,5.0,1.0,1,0,13.384729180332174
5.707110264748875,5.0,3.0,2.0,2,0,13.102162710901053
6.478509642208569,4.0,7.0,6.0,5,0,13.527829818844937
5.247024072160486,6.0,3.0,2.0,9,1,12.765691290604371
5.916202062607435,4.0,3.0,2.0,1,0,13.384729180332174
6.55250788703459,3.0,4.0,4.0,5,0,13.976779556623864
5.877735781779639,6.0,4.0,1.0,7,1,12.676079399771027
4.795790545596741,6.0,5.0,1.0,2,0,12.25486757159303
5.707110264748875,4.0,2.0,1.0,2,0,12.899222326086994
5.602118820879701,3.0,2.0,3.0,5,0,12.660331092405906
6.2166061010848646,4.0,3.0,4.0,4,0,14.603968372873895
6.6039438246004725,4.0,6.0,4.0,5,0,14.220976332738882
5.5254529391317835,4.0,3.0,1.0,2,0,12.847929163278053
6.957497370876951,4.0,4.0,1.0,5,0,13.997832948091215
5.986452005284438,4.0,4.0,2.0,5,0,13.579789490265188
6.364750756851911,4.0,3.0,2.0,5,0,13.732130035981154
6.175867270105761,4.0,2.0,4.0,4,0,13.480039220276565
6.342121418721152,3.0,2.0,4.0,5,0,13.554147092530322
6.470799503782602,4.0,4.0,2.0,5,0,13.652992804936396
5.44673737166631,5.0,6.0,2.0,1,0,13.02805489573287
7.207118856207756,6.0,3.0,7.0,5,0,13.683122511470389
6.261491684321042,4.0,6.0,3.0,5,0,13.664688831019712
5.937536205082426,4.0,3.0,2.0,4,0,13.864301674514206
5.983936280687191,6.0,4.0,3.0,4,0,13.359174697763937
5.0689042022202315,3.0,2.0,1.0,7,1,12.644330802262578
6.2166061010848646,4.0,4.0,2.0,5,0,13.235693848424024
5.616771097666572,4.0,4.0,2.0,2,0,13.161586013632684
5.645446897643238,5.0,2.0,5.0,4,0,13.399996629152975
6.803505257608338,4.0,4.0,5.0,5,0,13.99699926803766
7.496097345175956,4.0,6.0,6.0,5,0,13.384729180332174
5.5909869805108565,4.0,3.0,2.0,5,0,12.721888795877375
5.739792912179234,4.0,3.0,2.0,2,0,13.399996629152975
5.455321115357702,4.0,3.0,2.0,4,0,13.487007879880162
5.497168225293202,3.0,5.0,2.0,4,0,14.062371417145494
7.142036574706803,4.0,4.0,4.0,5,0,14.220976332738882
5.802118375377063,3.0,3.0,2.0,5,0,13.429849547739444
5.303304908059076,6.0,4.0,2.0,2,0,12.821260987319457
4.727387818712341,5.0,5.0,1.0,2,0,12.429220196836383
5.8944028342648505,5.0,3.0,2.0,2,0,13.199326270390594
5.638354669333745,3.0,2.0,2.0,5,0,13.384729180332174
6.1092475827643655,5.0,4.0,2.0,5,0,13.361381852676738
7.170888478512505,3.0,5.0,5.0,5,0,14.115615891155079
5.942799375126701,4.0,3.0,2.0,1,0,13.429849547739444
6.042632833682381,4.0,5.0,5.0,3,0,14.452087916136215
6.293419278846481,4.0,3.0,2.0,2,0,13.399996629152975
7.416979621381154,4.0,4.0,6.0,5,0,13.652992804936396
4.990432586778736,3.0,2.0,2.0,1,0,12.608202196848836
6.914730892718563,4.0,3.0,3.0,5,0,13.591117476312084
5.707110264748875,5.0,2.0,2.0,2,0,12.886643575525625
6.439350371100098,5.0,6.0,4.0,2,0,13.81451105863119
5.564520407322694,3.0,2.0,3.0,3,0,13.304686600863562
5.700443573390687,3.0,3.0,2.0,2,0,13.235693848424024
5.996452088619021,5.0,6.0,2.0,5,0,13.112315061750808
5.986452005284438,5.0,4.0,2.0,2,0,13.758941264676379
5.739792912179234,4.0,2.0,4.0,2,0,13.02805489573287
5.081404364984463,3.0,3.0,2.0,2,0,12.676079399771027
6.459904454377535,4.0,4.0,5.0,3,0,14.452087916136215
6.111467339502679,5.0,5.0,4.0,5,0,13.81049902116535
6.095824562432225,4.0,4.0,4.0,2,0,13.707926460869462
6.361302477572996,4.0,3.0,2.0,4,0,14.88022163978423
5.638354669333745,4.0,2.0,4.0,3,0,13.444448325847754
5.916202062607435,4.0,4.0,3.0,4,0,13.704580114574805
6.180016653652572,6.0,6.0,6.0,4,0,14.88022163978423
5.5134287461649825,5.0,3.0,1.0,2,0,12.429220196836383
6.184148890937483,4.0,4.0,4.0,3,0,13.981025843899115
5.993961427306569,5.0,3.0,1.0,1,0,13.815511557963774
6.692083742506628,3.0,2.0,5.0,4,0,14.397726736475999
6.398594934535208,3.0,2.0,4.0,4,0,14.441449523589984
5.860786223465865,5.0,4.0,3.0,2,0,13.444448325847754
6.366470447731438,3.0,3.0,2.0,4,0,13.955273369904273
6.912742820493176,3.0,2.0,6.0,5,0,13.579789490265188
6.734591659972948,4.0,3.0,4.0,5,0,13.51440681653079
5.860786223465865,5.0,4.0,3.0,2,0,13.444448325847754
5.863631175598097,6.0,4.0,6.0,3,0,13.353476685668044
6.90875477931522,4.0,4.0,4.0,2,0,14.441449523589984
5.71042701737487,5.0,4.0,2.0,5,0,13.235693848424024
6.440946540632921,4.0,4.0,4.0,5,0,13.785052381406869
4.983606621708336,3.0,3.0,2.0,3,0,13.217675375388819
5.707110264748875,6.0,5.0,2.0,2,0,13.081543466215237
6.478509642208569,5.0,5.0,2.0,2,0,13.76421831620775
5.111987788356544,5.0,3.0,2.0,3,0,12.793862088206213
4.948759890378168,4.0,2.0,1.0,9,1,12.449022745701502
6.893656354602635,4.0,4.0,4.0,2,0,14.441449523589984
5.8916442118257715,5.0,3.0,4.0,2,0,13.217675375388819
5.739792912179234,5.0,4.0,4.0,5,0,13.180634172318978
5.655991810819852,4.0,4.0,2.0,2,0,13.034626646500051
7.1316985104669115,5.0,6.0,6.0,5,0,14.498607907721096
6.960347729101308,5.0,3.0,5.0,2,0,14.077875591662238
5.934894195619588,4.0,5.0,2.0,5,0,13.270785106659046
5.111987788356544,4.0,4.0,1.0,2,0,12.498745990829315
5.993961427306569,4.0,4.0,2.0,5,0,13.235693848424024
5.802118375377063,5.0,3.0,3.0,5,0,13.26212705890841
7.156176637480615,4.0,4.0,5.0,5,0,14.220976332738882
6.338594078203183,3.0,3.0,2.0,5,0,13.68767832281738
5.948034989180646,3.0,2.0,3.0,4,0,13.883170141017091
5.707110264748875,4.0,3.0,2.0,5,0,13.120363378739663
5.420534999272286,4.0,3.0,1.0,7,1,13.081543466215237
6.90875477931522,4.0,6.0,4.0,2,0,14.557448378884015
5.71042701737487,3.0,3.0,2.0,2,0,13.299674067415213
4.875197323201151,3.0,3.0,1.0,1,0,12.871337193291367
6.447305862541213,4.0,4.0,4.0,2,0,13.617060838751888
6.90875477931522,4.0,5.0,5.0,5,0,14.316286451937186
5.993961427306569,4.0,4.0,2.0,2,0,13.652992804936396
4.795790545596741,3.0,3.0,2.0,3,0,12.886643575525625
5.771441123130016,3.0,4.0,2.0,5,0,13.592368256649284
5.945420608606575,4.0,2.0,1.0,3,0,13.303018546545275
5.375278407684165,5.0,3.0,1.0,9,1,12.706850963741102
5.673323267171493,4.0,2.0,2.0,2,0,13.122365377402328
5.978885764901122,5.0,5.0,2.0,2,0,13.036807667689546
5.902633333401366,3.0,3.0,2.0,5,0,12.936036208848487
6.553933404025811,4.0,4.0,2.0,5,0,13.652992804936396
6.621405651764134,3.0,3.0,3.0,2,0,13.487007879880162
5.968707559985366,4.0,5.0,4.0,5,0,13.790193775620484
5.976350909297934,5.0,5.0,4.0,1,0,13.3374763699232
7.208600337960199,4.0,4.0,4.0,5,0,13.805461232211272
5.123963979403259,3.0,2.0,2.0,11,1,12.19602736016897
5.713732805509369,4.0,4.0,2.0,5,0,13.208542908506082
5.017279836814924,3.0,3.0,1.0,1,0,12.59473402514672
6.021023349349527,4.0,4.0,4.0,3,0,13.353476685668044
5.351858133476067,3.0,2.0,1.0,0,0,12.577639650232573
5.860786223465865,4.0,3.0,2.0,3,0,13.742940940397677
6.803505257608338,4.0,3.0,3.0,5,0,13.554147092530322
6.257667587882639,4.0,6.0,4.0,4,0,13.997832948091215
5.8888779583328805,6.0,5.0,6.0,3,0,13.815511557963774
5.69035945432406,6.0,5.0,2.0,2,0,12.706850963741102
5.780743515792329,5.0,5.0,2.0,5,0,13.249878458265119
6.1092475827643655,4.0,4.0,2.0,2,0,13.567050480716235
5.768320995793772,4.0,2.0,2.0,1,0,13.3374763699232
5.298317366548036,3.0,4.0,2.0,3,0,13.235693848424024
5.631211781821365,4.0,4.0,2.0,1,0,13.232116033476537
5.707110264748875,3.0,5.0,2.0,5,0,13.429849547739444
5.700443573390687,4.0,2.0,2.0,1,0,14.403297778421795
6.07073772800249,3.0,2.0,2.0,5,0,13.102162710901053
5.602118820879701,3.0,2.0,2.0,3,0,13.629182184591333
5.484796933490655,5.0,2.0,2.0,2,0,12.896719202134523
5.198497031265826,3.0,3.0,1.0,2,0,12.762830066509972
6.914730892718563,3.0,4.0,4.0,5,0,14.014362236381235
5.707110264748875,3.0,4.0,2.0,5,0,13.45883704259595
5.700443573390687,3.0,3.0,2.0,2,0,13.217675375388819
5.3612921657094255,4.0,3.0,3.0,4,0,13.350297037805756
5.7745515455444085,6.0,4.0,2.0,1,0,13.337460240786882
5.19295685089021,3.0,4.0,2.0,5,0,12.834683971615659
5.872117789475416,3.0,2.0,1.0,4,0,13.910821646859095
5.849324779946859,4.0,3.0,2.0,2,0,13.487007879880162
5.638354669333745,5.0,3.0,1.0,4,0,12.921472880009725
5.087596335232384,6.0,3.0,2.0,5,0,12.73670383776449
4.5217885770490405,5.0,3.0,1.0,9,1,12.230770136157428
5.717027701406222,3.0,2.0,2.0,5,0,13.07107218827772
5.081404364984463,4.0,3.0,2.0,11,1,12.706850963741102
6.2166061010848646,4.0,6.0,4.0,5,0,13.547632419997361
6.3578422665081,4.0,3.0,4.0,4,0,13.863348840666827
6.398594934535208,6.0,8.0,6.0,4,0,14.715672314412528
5.5254529391317835,4.0,4.0,1.0,2,0,13.014780393893403
5.225746673713202,3.0,2.0,2.0,3,0,13.081543466215237
5.707110264748875,4.0,4.0,4.0,5,0,13.80242633158633
5.484796933490655,5.0,3.0,2.0,4,0,13.500801182986649
5.153291594497779,5.0,2.0,1.0,3,0,12.948012371209098
5.680172609017068,3.0,4.0,2.0,1,0,13.303018546545275
5.726847747587197,4.0,3.0,2.0,4,0,13.169248871698304
5.998936561946683,4.0,3.0,2.0,4,0,13.384729180332174
5.1298987149230735,3.0,3.0,2.0,4,0,13.813509557297108
5.484796933490655,3.0,3.0,2.0,5,0,13.303018546545275
5.902633333401366,3.0,3.0,2.0,2,0,13.217675375388819
5.768320995793772,4.0,5.0,3.0,5,0,13.415034483903348
6.066108090103747,4.0,4.0,2.0,5,0,13.698977865303197
6.07993319509559,5.0,5.0,2.0,4,0,13.652992804936396
5.081404364984463,6.0,3.0,2.0,7,1,12.948012371209098
5.932245187448011,4.0,3.0,4.0,2,0,13.707926460869462
5.484796933490655,3.0,2.0,2.0,5,0,12.644330802262578
6.042632833682381,5.0,4.0,4.0,2,0,13.641158361294979
5.768320995793772,5.0,5.0,2.0,5,0,13.120363378739663
6.852242569051878,4.0,4.0,4.0,2,0,14.498607907721096
5.717027701406222,4.0,3.0,2.0,3,0,13.304686600863562
5.786897381366708,4.0,5.0,4.0,1,0,13.120363378739663
5.955837369464831,4.0,3.0,4.0,2,0,13.567050480716235
7.0909098220799835,3.0,4.0,6.0,2,0,14.220976332738882
7.193685818395112,4.0,3.0,4.0,4,0,15.250595321348806
7.048386408721883,5.0,4.0,5.0,5,0,14.731801689838349
7.643961949002529,4.0,4.0,4.0,5,0,14.508658238524095
5.564520407322694,6.0,4.0,1.0,2,0,13.199326270390594
5.768320995793772,5.0,4.0,3.0,2,0,13.25339339419516
5.676753802268282,5.0,3.0,1.0,13,2,13.017005083966255
6.395261598115449,4.0,4.0,3.0,4,0,14.64406281221155
5.220355825078324,4.0,2.0,1.0,3,0,13.124363376072994
5.707110264748875,3.0,2.0,2.0,2,0,13.28787951079572
7.01301578963963,4.0,4.0,2.0,5,0,14.220976332738882
6.111467339502679,5.0,4.0,2.0,5,0,13.623139877437296
7.123672785204607,4.0,4.0,3.0,5,0,14.077875591662238
4.955827057601261,4.0,2.0,2.0,4,0,13.304686600863562
7.00397413672268,4.0,4.0,4.0,5,0,14.346139397261565
5.627621113690637,3.0,2.0,2.0,5,0,13.159661088928443
5.860786223465865,5.0,5.0,2.0,2,0,13.444448325847754
4.997212273764115,4.0,2.0,1.0,3,0,12.846612510860464
6.023447592961033,5.0,4.0,4.0,4,0,13.527829818844937
5.877735781779639,6.0,6.0,3.0,2,0,13.429849547739444
6.98933526597456,5.0,5.0,4.0,5,0,13.955273369904273
6.154858094016418,6.0,6.0,4.0,3,0,13.864301674514206
7.078341579557671,4.0,5.0,5.0,5,0,14.187074804051692
5.303304908059076,6.0,3.0,2.0,13,2,12.948012371209098
7.069874128458572,4.0,4.0,6.0,5,0,14.214287349062356
6.240275845170769,4.0,4.0,2.0,5,0,13.681980308196241
6.456769655572163,3.0,3.0,2.0,2,0,13.652992804936396
5.198497031265826,4.0,2.0,1.0,3,0,13.124363376072994
5.655991810819852,6.0,5.0,2.0,5,0,12.691583538230217
6.2166061010848646,3.0,4.0,2.0,2,0,13.629182184591333
5.924255797414532,4.0,4.0,2.0,3,0,13.487007879880162
6.483107351457199,3.0,3.0,2.0,4,0,14.285514812209815
7.5822291942764615,4.0,3.0,5.0,5,0,14.557448378884015
5.942799375126701,5.0,4.0,2.0,2,0,13.487007879880162
6.8885724595653635,6.0,6.0,4.0,2,0,14.488455541410652
5.75890177387728,4.0,3.0,1.0,2,0,12.788291058675025
5.472270673671475,4.0,3.0,2.0,4,0,13.554147092530322
5.303304908059076,5.0,3.0,2.0,2,0,12.873904582205107
5.87493073085203,5.0,4.0,3.0,1,0,13.3374763699232
5.298317366548036,4.0,2.0,2.0,2,0,12.994532278619134
5.993961427306569,3.0,3.0,2.0,3,0,13.710151153416941
7.643961949002529,4.0,5.0,4.0,5,0,14.508658238524095
5.726847747587197,4.0,4.0,2.0,2,0,13.102162710901053
5.442417710521793,3.0,3.0,2.0,2,0,12.891694078557842
5.7430031878094825,4.0,3.0,2.0,5,0,13.07107218827772
5.655991810819852,4.0,4.0,2.0,5,0,13.120363378739663
7.643961949002529,4.0,4.0,4.0,5,0,14.508658238524095
6.7464121285733745,4.0,3.0,3.0,5,0,14.690979711984754
6.398594934535208,5.0,6.0,3.0,5,0,13.591117476312084
6.270988431858299,5.0,6.0,3.0,5,0,13.805461232211272
5.198497031265826,3.0,2.0,1.0,4,0,12.765691290604371
6.175867270105761,4.0,6.0,5.0,5,0,14.648420115681892
6.55250788703459,5.0,4.0,5.0,2,0,14.214287349062356
6.139884552226255,4.0,4.0,2.0,5,0,13.304686600863562
6.890609120147166,4.0,4.0,6.0,5,0,14.557448378884015
7.02197642307216,4.0,3.0,2.0,5,0,13.579789490265188
5.703782474656201,5.0,4.0,2.0,4,0,13.541075028051122
5.953243334287785,4.0,4.0,2.0,2,0,13.437175577097312
7.048386408721883,4.0,6.0,7.0,5,0,14.731801689838349
6.9167150203536085,4.0,4.0,4.0,5,0,13.527829818844937
6.3835066348840055,5.0,5.0,4.0,4,0,14.220976332738882
6.90975328164481,5.0,4.0,2.0,5,0,13.652992804936396
6.226536669287466,6.0,5.0,3.0,5,0,13.790193775620484
5.707110264748875,4.0,3.0,2.0,5,0,13.058360179622305
5.934894195619588,3.0,2.0,3.0,2,0,13.120363378739663
6.20050917404269,4.0,3.0,2.0,2,0,13.28787951079572
5.976350909297934,5.0,3.0,4.0,1,0,13.3374763699232
7.01301578963963,4.0,3.0,2.0,5,0,14.220976332738882
6.655440350367647,6.0,6.0,4.0,2,0,13.393917592315308
7.156176637480615,4.0,3.0,5.0,5,0,14.253766134056512
6.2166061010848646,4.0,4.0,4.0,5,0,14.115615891155079
5.768320995793772,3.0,2.0,4.0,5,0,12.861001210669146
5.6937321388027,4.0,4.0,3.0,4,0,13.567050480716235
7.313886831633462,4.0,5.0,6.0,5,0,14.220976332738882
6.111467339502679,5.0,5.0,2.0,3,0,13.805461232211272
5.84354441703136,4.0,5.0,2.0,5,0,13.303018546545275
6.90875477931522,4.0,2.0,3.0,5,0,14.151983508870947
5.707110264748875,4.0,3.0,2.0,2,0,13.043322334563697
5.986452005284438,4.0,3.0,3.0,3,0,13.60479076121576
6.234410725718371,6.0,5.0,4.0,3,0,13.704580114574805
5.755742213586912,3.0,3.0,2.0,1,0,13.199326270390594
6.184148890937483,4.0,3.0,2.0,1,0,13.579789490265188
5.484796933490655,4.0,7.0,5.0,5,0,12.899222326086994
6.90875477931522,5.0,5.0,4.0,5,0,14.285514812209815
5.081404364984463,6.0,3.0,1.0,9,1,12.886643575525625
6.111467339502679,4.0,4.0,2.0,1,0,13.652992804936396
6.018593214496234,3.0,3.0,3.0,3,0,13.45883704259595
5.883322388488279,5.0,5.0,2.0,5,0,13.527829818844937
4.663439094112067,6.0,3.0,1.0,2,0,12.506180941677357
5.093750200806762,4.0,3.0,2.0,2,0,12.81584093453868
6.206575926724928,4.0,2.0,2.0,4,0,14.508658238524095
5.860786223465865,4.0,4.0,2.0,5,0,13.132315688453556
5.303304908059076,4.0,2.0,1.0,13,2,12.301387370778713
5.62040086571715,3.0,2.0,1.0,2,0,13.038983942375959
6.957497370876951,4.0,3.0,5.0,5,0,13.864301674514206
5.327876168789581,4.0,3.0,1.0,1,0,12.721888795877375
5.733341276897746,3.0,2.0,2.0,1,0,13.22672519452875
5.707110264748875,3.0,2.0,2.0,2,0,13.28787951079572
4.836281906951478,3.0,3.0,1.0,0,0,12.765691290604371
6.398594934535208,5.0,6.0,4.0,5,0,13.591117476312084
6.063785208687608,5.0,5.0,2.0,4,0,13.997832948091215
6.970730078143525,3.0,6.0,6.0,5,0,14.077875591662238
5.641907070938114,5.0,4.0,2.0,2,0,13.444448325847754
6.3473892096560105,5.0,3.0,3.0,5,0,13.579789490265188
5.707110264748875,5.0,3.0,2.0,9,1,12.873904582205107
6.90875477931522,3.0,4.0,4.0,5,0,13.732130035981154
7.143617602704121,4.0,4.0,3.0,5,0,14.077875591662238
5.187385805840755,5.0,3.0,2.0,3,0,13.060490101343552
6.003887067106539,3.0,4.0,4.0,5,0,13.22672519452875
5.5254529391317835,3.0,2.0,2.0,2,0,12.896719202134523
6.985641817639208,3.0,3.0,5.0,5,0,13.487007879880162
6.22455842927536,5.0,3.0,4.0,5,0,13.081543466215237
6.90875477931522,4.0,3.0,4.0,5,0,13.732130035981154
5.739792912179234,3.0,2.0,2.0,2,0,13.444448325847754
6.398594934535208,4.0,4.0,3.0,1,0,13.681968879572567
7.02197642307216,4.0,3.0,4.0,5,0,13.664688831019712
5.855071922202427,5.0,2.0,4.0,1,0,13.304686600863562
5.62040086571715,5.0,4.0,1.0,2,0,13.038983942375959
5.62040086571715,4.0,3.0,2.0,2,0,13.171155446333852
5.8888779583328805,3.0,2.0,2.0,4,0,13.361381852676738
5.849324779946859,4.0,3.0,2.0,2,0,13.487007879880162
5.963579343618446,5.0,4.0,2.0,2,0,7.3783837129967145
5.655991810819852,3.0,3.0,2.0,5,0,12.84529412258351
5.823045895483019,3.0,2.0,2.0,2,0,12.73670383776449
6.440946540632921,4.0,4.0,4.0,5,0,13.785052381406869
5.707110264748875,3.0,3.0,2.0,5,0,13.161586013632684
5.081404364984463,5.0,4.0,3.0,5,0,12.660331092405906
5.75890177387728,4.0,2.0,2.0,1,0,7.741099090035366
5.017279836814924,4.0,3.0,2.0,5,0,12.899222326086994
5.484796933490655,4.0,4.0,3.0,5,0,12.807655372286902
5.303304908059076,4.0,3.0,2.0,2,0,12.899222326086994
6.320768294250582,4.0,3.0,2.0,4,0,14.580978865220017
6.677083461247136,5.0,4.0,2.0,5,0,13.527829818844937
7.00397413672268,3.0,3.0,4.0,5,0,14.346139397261565
5.43372200355424,5.0,3.0,2.0,2,0,12.73080413304066
5.983936280687191,5.0,3.0,2.0,5,0,13.429849547739444
6.90875477931522,5.0,5.0,2.0,5,0,13.527829818844937
5.081404364984463,5.0,4.0,2.0,5,0,12.861001210669146
5.153291594497779,3.0,2.0,1.0,1,0,12.676079399771027
6.55250788703459,5.0,6.0,1.0,2,0,13.652992804936396
6.542471960506805,4.0,4.0,3.0,1,0,14.115615891155079
6.077642243349034,5.0,5.0,2.0,2,0,13.415034483903348
5.123963979403259,4.0,3.0,1.0,8,1,12.807655372286902
5.993961427306569,3.0,3.0,3.0,2,0,13.3374763699232
5.983936280687191,4.0,4.0,2.0,2,0,13.527829818844937
6.46302945692067,5.0,5.0,3.0,5,0,13.38318953651709
5.480638923341991,6.0,2.0,1.0,9,1,12.847929163278053
6.2166061010848646,4.0,3.0,2.0,2,0,13.017005083966255
6.7650389767805414,5.0,8.0,5.0,5,0,13.527829818844937
6.1070228877422545,4.0,2.0,1.0,3,0,13.399996629152975
6.9957661563048505,5.0,4.0,6.0,2,0,14.077875591662238
5.484796933490655,4.0,2.0,2.0,2,0,12.966880811009803
6.042632833682381,4.0,3.0,4.0,3,0,13.573440270649085
6.234410725718371,4.0,4.0,4.0,5,0,13.910821646859095
5.707110264748875,4.0,3.0,2.0,1,0,13.199326270390594
5.638354669333745,3.0,4.0,1.0,3,0,13.444448325847754
6.148468295917647,5.0,8.0,3.0,5,0,13.955273369904273
7.086737934510577,4.0,4.0,3.0,5,0,14.272936037914342
6.9874902470009905,5.0,4.0,4.0,5,0,13.527829818844937
7.150701457592526,5.0,4.0,3.0,5,0,14.266586814266963
5.3230099791384085,3.0,2.0,2.0,5,0,12.793862088206213
6.042632833682381,4.0,2.0,1.0,3,0,13.369225017834633
6.990256500493881,4.0,4.0,4.0,5,0,14.220976332738882
6.398594934535208,4.0,4.0,3.0,2,0,13.681968879572567
5.707110264748875,5.0,4.0,1.0,1,0,13.217675375388819
6.220590170099739,4.0,4.0,2.0,5,0,13.454542124461861
5.0689042022202315,5.0,2.0,1.0,7,1,12.73670383776449
5.075173815233827,4.0,3.0,2.0,3,0,13.304686600863562
6.419994928147142,4.0,6.0,4.0,5,0,13.652992804936396
5.081404364984463,4.0,3.0,1.0,5,0,12.388398368982115
5.680172609017068,3.0,4.0,2.0,1,0,13.38318953651709
5.393627546352362,3.0,2.0,1.0,2,0,12.449022745701502
6.042632833682381,4.0,5.0,5.0,3,0,14.508658238524095
7.3727463664043285,5.0,6.0,6.0,5,0,15.150511887854474
5.968707559985366,4.0,3.0,3.0,4,0,13.617060838751888
4.983606621708336,4.0,3.0,2.0,3,0,13.217675375388819
6.2166061010848646,5.0,3.0,1.0,4,0,13.592368256649284
5.840641657373398,3.0,3.0,3.0,3,0,13.747232787874218
6.423246963533519,6.0,5.0,2.0,4,0,14.285514812209815
6.335054251498059,4.0,3.0,3.0,5,0,13.997832948091215
6.2766434893416445,5.0,3.0,3.0,4,0,14.038654909278163
5.303304908059076,3.0,3.0,1.0,2,0,12.498745990829315
6.93828448401696,4.0,4.0,4.0,4,0,14.896977026895355
6.692083742506628,3.0,2.0,5.0,4,0,14.397726736475999
7.143617602704121,3.0,3.0,4.0,4,0,15.150511887854474
6.8308742346461795,3.0,2.0,5.0,4,0,15.068273812173887
6.270988431858299,4.0,4.0,4.0,4,0,14.648420115681892
5.568344503761097,4.0,3.0,2.0,9,1,12.793862088206213
7.149916836132109,4.0,4.0,3.0,5,0,14.266586814266963
6.111467339502679,4.0,5.0,2.0,5,0,13.407543823396258
5.545177444479562,6.0,5.0,1.0,2,0,12.73670383776449
6.741700694652055,5.0,5.0,6.0,4,0,14.873301199334291
5.5134287461649825,4.0,3.0,2.0,3,0,13.291263603053904
6.373319789577012,4.0,6.0,2.0,5,0,13.997832948091215
5.68697535633982,4.0,4.0,2.0,5,0,13.017005083966255
5.117993812416755,4.0,3.0,1.0,5,0,12.765691290604371
5.707110264748875,3.0,4.0,2.0,5,0,13.102162710901053
5.2574953720277815,3.0,3.0,2.0,5,0,12.706850963741102
7.273092595999522,5.0,4.0,2.0,5,0,14.33430494661736
5.942799375126701,5.0,6.0,5.0,4,0,13.910821646859095
7.087573705557973,6.0,5.0,2.0,5,0,13.76421831620775
7.244941546337007,4.0,5.0,4.0,5,0,14.151983508870947
5.424950017481403,4.0,5.0,4.0,2,0,13.25339339419516
5.993961427306569,4.0,3.0,2.0,2,0,13.652992804936396
6.150602768446279,3.0,2.0,2.0,2,0,13.304686600863562
5.298317366548036,4.0,3.0,2.0,2,0,12.899222326086994
5.8888779583328805,5.0,4.0,2.0,3,0,13.367661298303675
5.908082938168931,5.0,3.0,2.0,2,0,13.233906541044401
6.85751406254539,5.0,3.0,3.0,2,0,14.914123179965662
6.238324625039508,5.0,4.0,2.0,5,0,13.487007879880162
6.907755278982137,3.0,2.0,4.0,5,0,13.629182184591333
5.817111159963204,4.0,3.0,1.0,5,0,13.235693848424024
5.713732805509369,4.0,5.0,2.0,5,0,13.235693848424024
6.418364935936212,5.0,4.0,3.0,5,0,13.345508528717259
6.386879319362645,5.0,6.0,4.0,5,0,13.591117476312084
7.150701457592526,4.0,3.0,3.0,5,0,14.266586814266963
7.111512116496157,5.0,3.0,4.0,5,0,13.235693848424024
5.147494476813453,5.0,4.0,1.0,2,0,12.388398368982115
5.929589143389895,4.0,3.0,3.0,4,0,13.997832948091215
5.634789603169249,4.0,2.0,2.0,2,0,13.081543466215237
5.003946305945459,6.0,3.0,2.0,7,1,12.765691290604371
5.652489180268651,4.0,3.0,2.0,2,0,13.42246945133505
5.717027701406222,3.0,3.0,3.0,2,0,13.017005083966255
6.0844994130751715,4.0,3.0,1.0,4,0,13.38318953651709
5.673323267171493,4.0,4.0,2.0,3,0,13.742940940397677
5.771441123130016,4.0,4.0,2.0,5,0,13.16348804611413
6.777646593635117,5.0,5.0,2.0,2,0,13.805461232211272
5.768320995793772,4.0,3.0,2.0,1,0,13.235604558882983
5.713732805509369,6.0,5.0,2.0,2,0,13.049794835104816
6.912742820493176,3.0,3.0,4.0,5,0,13.795308871054397
6.470799503782602,3.0,6.0,2.0,5,0,13.652992804936396
4.820281565605037,5.0,3.0,1.0,5,0,12.765691290604371
5.153291594497779,3.0,2.0,1.0,1,0,12.676079399771027
6.111467339502679,4.0,3.0,2.0,2,0,13.399996629152975
5.860786223465865,3.0,3.0,3.0,4,0,12.933623668263472
5.771441123130016,4.0,3.0,3.0,4,0,13.369225017834633
6.703188113240863,3.0,3.0,3.0,5,0,13.758941264676379
7.048386408721883,4.0,4.0,4.0,5,0,15.163583966004193
6.4967749901858625,4.0,3.0,3.0,5,0,13.429849547739444
7.438971592395862,3.0,2.0,4.0,5,0,14.058457520888082
5.7745515455444085,3.0,3.0,3.0,2,0,13.579789490265188
5.5254529391317835,4.0,3.0,2.0,2,0,13.384729180332174
6.398594934535208,5.0,4.0,2.0,5,0,12.873904582205107
5.666426688112432,4.0,2.0,2.0,5,0,13.120363378739663
6.803505257608338,3.0,2.0,3.0,5,0,13.547632419997361
6.111467339502679,4.0,4.0,3.0,5,0,13.955273369904273
6.467698726104354,4.0,4.0,2.0,2,0,13.73755009757506
6.175867270105761,5.0,5.0,3.0,4,0,13.989464705423494
5.318119993844216,4.0,2.0,1.0,9,1,12.765691290604371
5.993961427306569,6.0,3.0,3.0,6,1,13.795308871054397
5.860786223465865,5.0,3.0,2.0,5,0,13.429849547739444
6.1224928095143865,4.0,3.0,4.0,4,0,14.144815024531075
6.364750756851911,4.0,3.0,3.0,4,0,13.909912143303451
5.43372200355424,4.0,2.0,2.0,4,0,13.304686600863562
5.707110264748875,4.0,3.0,2.0,3,0,13.45883704259595
5.4680601411351315,4.0,3.0,2.0,5,0,13.384729180332174
5.634789603169249,4.0,3.0,2.0,2,0,13.112315061750808
5.442417710521793,5.0,4.0,3.0,8,1,12.54254845357358
5.68697535633982,6.0,2.0,6.0,9,1,12.886643575525625
5.8888779583328805,5.0,2.0,2.0,2,0,13.120363378739663
6.933423025730715,5.0,4.0,5.0,5,0,13.567511912110216
5.429345628954441,4.0,4.0,2.0,4,0,13.317931805683793
5.1647859739235145,3.0,3.0,5.0,4,0,13.081543466215237
6.042632833682381,6.0,4.0,1.0,2,0,12.384223015005313
6.493753839851686,5.0,5.0,4.0,1,0,13.805461232211272
6.943122422819428,5.0,4.0,4.0,5,0,13.790192749979985
5.996452088619021,5.0,5.0,6.0,4,0,13.527829818844937
5.768320995793772,4.0,5.0,3.0,5,0,13.45883704259595
5.707110264748875,3.0,3.0,2.0,5,0,13.208542908506082
5.638354669333745,3.0,2.0,6.0,3,0,13.500801182986649
6.954638864880987,4.0,7.0,4.0,5,0,14.33430494661736
5.720311776607412,3.0,2.0,1.0,2,0,12.409017571151187
5.916202062607435,4.0,4.0,1.0,9,1,12.904209855160254
6.169610732491456,4.0,3.0,2.0,3,0,13.592368256649284
5.293304824724492,3.0,3.0,2.0,2,0,12.644330802262578
5.983936280687191,5.0,3.0,2.0,4,0,13.664688831019712
6.003887067106539,5.0,6.0,2.0,3,0,13.321215875492413
5.937536205082426,5.0,5.0,2.0,4,0,13.981025843899115
6.016157159698354,5.0,3.0,1.0,3,0,12.948012371209098
4.948759890378168,6.0,3.0,1.0,2,0,12.577639650232573
5.375278407684165,4.0,2.0,1.0,2,0,12.765688433465597
4.663439094112067,3.0,3.0,1.0,9,1,11.982935344196433
5.442417710521793,4.0,4.0,2.0,5,0,12.873904582205107
5.991464547107982,4.0,4.0,2.0,2,0,13.815511557963774
6.663132695990803,3.0,4.0,2.0,2,0,13.6967281480998
7.003065458786462,3.0,2.0,3.0,5,0,13.910821646859095
6.423246963533519,5.0,4.0,3.0,5,0,13.805461232211272
5.049856007249537,4.0,3.0,1.0,11,1,12.871337193291367
5.860786223465865,4.0,4.0,2.0,4,0,13.217493541006709
5.707110264748875,6.0,6.0,4.0,2,0,13.270785106659046
5.521460917862246,4.0,3.0,2.0,5,0,12.81584093453868
5.303304908059076,3.0,3.0,3.0,2,0,12.807655372286902
6.928537818164665,4.0,2.0,2.0,5,0,14.038654909278163
5.707110264748875,3.0,4.0,2.0,4,0,13.45883704259595
5.111987788356544,4.0,2.0,1.0,6,1,12.487488878546145
5.135798437050262,5.0,4.0,1.0,2,0,12.429220196836383
5.4116460518550396,4.0,3.0,2.0,5,0,12.81584093453868
4.948759890378168,6.0,3.0,1.0,9,1,12.54254845357358
5.472270673671475,3.0,2.0,2.0,3,0,13.429849547739444
5.634789603169249,4.0,5.0,2.0,4,0,13.910821646859095
5.153291594497779,4.0,2.0,1.0,3,0,12.948012371209098
5.802118375377063,5.0,4.0,5.0,9,1,13.161586013632684
6.556778356158042,4.0,3.0,2.0,1,0,13.955273369904273
5.564520407322694,3.0,3.0,3.0,5,0,12.899222326086994
5.5254529391317835,4.0,3.0,1.0,9,1,12.847929163278053
5.313205979041787,3.0,2.0,1.0,3,0,12.706850963741102
5.680172609017068,6.0,3.0,1.0,5,0,12.793862088206213
5.961005339623274,3.0,3.0,2.0,5,0,13.161586013632684
6.0063531596017325,4.0,4.0,4.0,3,0,13.652992804936396
5.2574953720277815,4.0,2.0,1.0,3,0,12.948012371209098
5.017279836814924,4.0,4.0,2.0,13,2,12.660331092405906
5.749392985908253,4.0,3.0,2.0,5,0,13.112315061750808
5.755742213586912,5.0,3.0,2.0,2,0,12.886643575525625
6.364750756851911,4.0,3.0,2.0,3,0,14.115615891155079
5.43372200355424,4.0,2.0,2.0,4,0,13.304686600863562
6.042632833682381,4.0,3.0,1.0,3,0,13.25339339419516
5.771441123130016,4.0,2.0,2.0,9,1,12.676079399771027
7.523481312573497,3.0,3.0,7.0,5,0,15.483217567201578
5.2574953720277815,5.0,3.0,3.0,5,0,12.873904582205107
5.8377304471659395,3.0,2.0,2.0,2,0,13.159661088928443
6.111467339502679,4.0,3.0,4.0,5,0,13.795308871054397
7.01301578963963,4.0,3.0,2.0,5,0,14.220976332738882
7.030857476116121,4.0,4.0,4.0,5,0,14.115615891155079
5.993961427306569,4.0,5.0,3.0,5,0,12.608202196848836
5.8971538676367405,5.0,5.0,1.0,2,0,12.487488878546145
5.5254529391317835,3.0,2.0,2.0,8,1,12.84265212010087
5.771441123130016,4.0,2.0,6.0,5,0,13.270785106659046
7.5822291942764615,4.0,3.0,5.0,5,0,14.557448378884015
6.90875477931522,4.0,4.0,5.0,5,0,13.629182184591333
6.150602768446279,6.0,3.0,2.0,3,0,13.652992804936396
5.288267030694535,4.0,3.0,1.0,6,1,13.1421679654829
5.746203190540153,4.0,3.0,2.0,5,0,13.1421679654829
5.303304908059076,4.0,3.0,2.0,2,0,12.721888795877375
7.291656209174461,5.0,3.0,4.0,5,0,14.33430494661736
5.1298987149230735,3.0,2.0,1.0,2,0,12.779875885354993
5.3981627015177525,3.0,3.0,2.0,7,1,12.807655372286902
5.204006687076795,3.0,4.0,2.0,4,0,13.361381852676738
5.476463551931511,4.0,4.0,2.0,2,0,13.122365377402328
6.38856140554563,4.0,5.0,3.0,5,0,13.676249640055394
5.869296913133774,5.0,2.0,2.0,4,0,14.151983508870947
6.646390514847729,4.0,3.0,3.0,5,0,13.785052381406869
5.863631175598097,3.0,3.0,2.0,2,0,13.060490101343552
5.3981627015177525,3.0,4.0,2.0,5,0,12.847929163278053
5.25227342804663,5.0,4.0,1.0,5,0,12.873904582205107
6.1092475827643655,4.0,3.0,2.0,5,0,6.431331081933479
6.280395838960195,4.0,4.0,4.0,4,0,14.6888942063636
5.840641657373398,4.0,4.0,3.0,3,0,13.710151153416941
5.68697535633982,5.0,3.0,2.0,5,0,13.017005083966255
6.593044534142437,4.0,6.0,3.0,5,0,13.76421831620775
6.111467339502679,5.0,6.0,3.0,5,0,13.955273369904273
5.5093883366279774,4.0,3.0,2.0,3,0,13.217675375388819
5.393627546352362,5.0,4.0,2.0,9,1,12.577639650232573
5.707110264748875,5.0,4.0,4.0,1,0,13.38149318588492
6.398594934535208,4.0,4.0,4.0,5,0,13.81451105863119
5.278114659230517,5.0,2.0,1.0,3,0,13.081543466215237
5.777652323222656,5.0,4.0,5.0,1,0,13.270612678298292
